0,0.000000,9326871,jrtobi,False
0,0.000000,9326871,jrtobi,False
0,0.000000,9326871,jlemon,False
0,0.000000,9326871,jrtobi,False
0,0.000000,9326871,jrtobi,False
0,0.000000,9326871,jlemon,False
0,0.000000,9326871,jrtobi,False
0,0.000000,9326871,jrtobi,False
0,0.000000,9326871,jrtobi,False
0,0.000000,9326871,rrowle,False
0,0.000000,9326871,jrtobi,False
0,0.000000,9326871,jrtobi,False
0,0.000000,9326871,jrtobi,False
0,0.000000,9326871,jrtobi,False
0,0.000000,9326871,jrtobi,False
0,0.000000,9326871,jrtobi,False
0,0.000000,9326871,jrtobi,False
0,0.000000,9326871,jrtobi,False
0,0.000000,9326871,jrtobi,False
0,0.000000,9332898,ajsega,False
0,0.000000,9332898,ajsega,False
0,0.000000,9332898,jrtobi,False
0,0.000000,9332898,ajsega,False
0,0.000000,9332898,ajsega,False
0,0.000000,9332898,ajsega,False
0,0.000000,9332898,ajsega,False
0,0.000000,9332898,ajsega,False
0,0.000000,9332898,ajsega,False
0,0.000000,9332898,ajsega,False
0,0.000000,9332898,jrtobi,False
0,0.000000,9332898,cshubb,False
0,0.000000,9332898,ajsega,False
0,0.000000,9332898,cshubb,False
0,0.000000,9332898,ajsega,False
0,0.000000,9332898,cshubb,False
0,0.000000,9332898,cshubb,False
0,0.000000,9332898,ajsega,False
0,0.000000,9332898,ajsega,False
0,0.000000,9338446,9338527,False
0,0.000000,9338446,9338527,False
0,0.000000,9338446,9338527,False
0,0.000000,9338446,9338527,False
0,0.000000,9338446,9338527,False
0,0.000000,9338446,9338527,False
0,0.000000,9338446,9338527,False
0,0.000000,9338446,9338527,False
0,0.000000,9338446,9338527,False
0,0.000000,9338446,9338527,False
0,0.000000,9338446,9338527,False
0,0.000000,9338446,9338527,False
0,0.000000,9338446,9338527,False
0,0.000000,9338446,9338527,False
0,0.000000,9338446,9338527,False
0,0.000000,9338446,9338527,False
0,0.000000,9338446,9338527,False
0,0.000000,9338446,9338527,False
0,0.000000,9338446,9338527,False
0,0.000000,9338454,rrowle,False
0,0.000000,9338454,9338462,False
0,0.000000,9338454,9338462,False
0,0.000000,9338454,rrowle,False
0,0.000000,9338454,9338462,False
0,0.000000,9338454,nrclar,False
0,0.000000,9338454,nrclar,False
0,0.000000,9338454,9338462,False
0,0.000000,9338454,9338462,False
0,0.000000,9338454,9338462,False
0,0.000000,9338454,9338462,False
0,0.000000,9338454,rrowle,False
0,0.000000,9338454,rrowle,False
0,0.000000,9338454,nrclar,False
0,0.000000,9338454,nrclar,False
0,0.000000,9338454,nrclar,False
0,0.000000,9338454,9338462,False
0,0.000000,9338454,nrclar,False
0,0.000000,9338454,rrowle,False
1,0.000000,9338462,9338462,True
1,0.000000,9338462,9338462,True
1,0.000000,9338462,9338462,True
1,0.000000,9338462,9338462,True
1,0.000000,9338462,9338462,True
1,0.000000,9338462,9338462,True
1,0.000000,9338462,9338462,True
1,0.000000,9338462,9338462,True
1,0.000000,9338462,9338462,True
1,0.000000,9338462,9338462,True
1,0.000000,9338462,9338462,True
1,0.000000,9338462,9338462,True
1,0.000000,9338462,9338462,True
1,0.000000,9338462,9338462,True
1,0.000000,9338462,9338462,True
1,0.000000,9338462,9338462,True
1,0.000000,9338462,9338462,True
1,0.000000,9338462,9338462,True
1,0.000000,9338462,9338462,True
0,0.000000,9338489,jlemon,False
0,0.000000,9338489,9338497,False
0,0.000000,9338489,9338497,False
0,0.000000,9338489,9338497,False
0,0.000000,9338489,9338497,False
0,0.000000,9338489,gjhero,False
0,0.000000,9338489,jlemon,False
0,0.000000,9338489,jlemon,False
0,0.000000,9338489,jlemon,False
0,0.000000,9338489,jlemon,False
0,0.000000,9338489,cshubb,False
0,0.000000,9338489,jlemon,False
0,0.000000,9338489,cshubb,False
0,0.000000,9338489,jlemon,False
0,0.000000,9338489,jlemon,False
0,0.000000,9338489,jlemon,False
0,0.000000,9338489,cshubb,False
0,0.000000,9338489,jlemon,False
0,0.000000,9338489,jlemon,False
1,0.000000,9338497,9338497,True
1,0.000000,9338497,9338497,True
1,0.000000,9338497,9338497,True
1,0.000000,9338497,9338497,True
1,0.000000,9338497,9338497,True
1,0.000000,9338497,9338497,True
1,0.000000,9338497,9338497,True
1,0.000000,9338497,9338497,True
1,0.000000,9338497,9338497,True
1,0.000000,9338497,9338497,True
1,0.000000,9338497,9338497,True
1,0.000000,9338497,9338497,True
1,0.000000,9338497,9338497,True
1,0.000000,9338497,9338497,True
1,0.000000,9338497,9338497,True
1,0.000000,9338497,9338497,True
1,0.000000,9338497,9338497,True
1,0.000000,9338497,9338497,True
1,0.000000,9338497,9338497,True
1,0.000000,9338519,9338519,True
1,0.000000,9338519,9338519,True
1,0.000000,9338519,9338519,True
1,0.000000,9338519,9338519,True
1,0.000000,9338519,9338519,True
1,0.000000,9338519,9338519,True
1,0.000000,9338519,9338519,True
1,0.000000,9338519,9338519,True
1,0.000000,9338519,9338519,True
1,0.000000,9338519,9338519,True
1,0.000000,9338519,9338519,True
1,0.000000,9338519,9338519,True
1,0.000000,9338519,9338519,True
1,0.000000,9338519,9338519,True
1,0.000000,9338519,9338519,True
1,0.000000,9338519,9338519,True
1,0.000000,9338519,9338519,True
1,0.000000,9338519,9338519,True
1,0.000000,9338519,9338519,True
1,0.000000,9338527,9338527,True
1,0.000000,9338527,9338527,True
1,0.000000,9338527,9338527,True
1,0.000000,9338527,9338527,True
1,0.000000,9338527,9338527,True
1,0.000000,9338527,9338527,True
1,0.000000,9338527,9338527,True
1,0.000000,9338527,9338527,True
1,0.000000,9338527,9338527,True
1,0.000000,9338527,9338527,True
1,0.000000,9338527,9338527,True
1,0.000000,9338527,9338527,True
1,0.000000,9338527,9338527,True
1,0.000000,9338527,9338527,True
1,0.000000,9338527,9338527,True
1,0.000000,9338527,9338527,True
1,0.000000,9338527,9338527,True
1,0.000000,9338527,9338527,True
1,0.000000,9338527,9338527,True
0,0.000000,9338543,9338497,False
0,0.000000,9338543,9338497,False
0,0.000000,9338543,9338497,False
0,0.000000,9338543,9338497,False
0,0.000000,9338543,9338497,False
0,0.000000,9338543,9338497,False
0,0.000000,9338543,9338497,False
0,0.000000,9338543,9338497,False
0,0.000000,9338543,9338497,False
0,0.000000,9338543,9338497,False
0,0.000000,9338543,9338497,False
0,0.000000,9338543,gjhero,False
0,0.000000,9338543,gjhero,False
0,0.000000,9338543,9338497,False
0,0.000000,9338543,9338497,False
0,0.000000,9338543,9338497,False
0,0.000000,9338543,9338497,False
0,0.000000,9338543,9338497,False
0,0.000000,9338543,gjhero,False
0,0.000000,9414649,ajsega,False
0,0.000000,9414649,ajsega,False
0,0.000000,9414649,ajsega,False
0,0.000000,9414649,ajsega,False
0,0.000000,9414649,ajsega,False
0,0.000000,9414649,ajsega,False
0,0.000000,9414649,gjnorm,False
0,0.000000,9414649,gjnorm,False
0,0.000000,9414649,ajsega,False
0,0.000000,9414649,ajsega,False
0,0.000000,9414649,ajsega,False
0,0.000000,9414649,ajsega,False
0,0.000000,9414649,ajsega,False
0,0.000000,9414649,ajsega,False
0,0.000000,9414649,gjnorm,False
0,0.000000,9414649,ajsega,False
0,0.000000,9414649,ajsega,False
0,0.000000,9414649,ajsega,False
0,0.000000,9414649,ajsega,False
0,0.000000,9416994,ajsega,False
0,0.000000,9416994,ajsega,False
0,0.000000,9416994,swsmit,False
0,0.000000,9416994,ajsega,False
0,0.000000,9416994,ajsega,False
0,0.000000,9416994,9338462,False
0,0.000000,9416994,swsmit,False
0,0.000000,9416994,swsmit,False
0,0.000000,9416994,ajsega,False
0,0.000000,9416994,ajsega,False
0,0.000000,9416994,ajsega,False
0,0.000000,9416994,ajsega,False
0,0.000000,9416994,ajsega,False
0,0.000000,9416994,ajsega,False
0,0.000000,9416994,ajsega,False
0,0.000000,9416994,ajsega,False
0,0.000000,9416994,ajsega,False
0,0.000000,9416994,ajsega,False
0,0.000000,9416994,ajsega,False
0,0.000000,admars,nrclar,False
0,0.000000,admars,nrclar,False
0,0.000000,admars,nrclar,False
0,0.000000,admars,nrclar,False
0,0.000000,admars,nrclar,False
0,0.000000,admars,nrclar,False
0,0.000000,admars,nrclar,False
0,0.000000,admars,nrclar,False
0,0.000000,admars,nrclar,False
0,0.000000,admars,nrclar,False
0,0.000000,admars,nrclar,False
0,0.000000,admars,nrclar,False
0,0.000000,admars,nrclar,False
0,0.000000,admars,nrclar,False
0,0.000000,admars,nrclar,False
0,0.000000,admars,nrclar,False
0,0.000000,admars,nrclar,False
0,0.000000,admars,nrclar,False
0,0.000000,admars,nrclar,False
0,0.000000,ahodki,swsmit,False
0,0.000000,ahodki,9338462,False
0,0.000000,ahodki,9338462,False
0,0.000000,ahodki,9338462,False
0,0.000000,ahodki,9338462,False
0,0.000000,ahodki,9338462,False
0,0.000000,ahodki,jrtobi,False
0,0.000000,ahodki,9338462,False
0,0.000000,ahodki,9338462,False
0,0.000000,ahodki,9338519,False
0,0.000000,ahodki,swsmit,False
0,0.000000,ahodki,9338519,False
0,0.000000,ahodki,9338519,False
0,0.000000,ahodki,9338519,False
0,0.000000,ahodki,rrowle,False
0,0.000000,ahodki,swsmit,False
0,0.000000,ahodki,rrowle,False
0,0.000000,ahodki,9338519,False
0,0.000000,ahodki,swsmit,False
0,0.000000,ajflem,rrowle,False
0,0.000000,ajflem,rrowle,False
0,0.000000,ajflem,rrowle,False
0,0.000000,ajflem,rrowle,False
0,0.000000,ajflem,rrowle,False
0,0.000000,ajflem,rrowle,False
0,0.000000,ajflem,rrowle,False
0,0.000000,ajflem,rrowle,False
0,0.000000,ajflem,rrowle,False
0,0.000000,ajflem,rrowle,False
0,0.000000,ajflem,rrowle,False
0,0.000000,ajflem,rrowle,False
0,0.000000,ajflem,rrowle,False
0,0.000000,ajflem,rrowle,False
0,0.000000,ajflem,rrowle,False
0,0.000000,ajflem,rrowle,False
0,0.000000,ajflem,rrowle,False
0,0.000000,ajflem,rrowle,False
0,0.000000,ajflem,rrowle,False
0,0.000000,ajones,cshubb,False
0,0.000000,ajones,cshubb,False
0,0.000000,ajones,cshubb,False
0,0.000000,ajones,cshubb,False
0,0.000000,ajones,cshubb,False
0,0.000000,ajones,cshubb,False
0,0.000000,ajones,cshubb,False
0,0.000000,ajones,cshubb,False
0,0.000000,ajones,cshubb,False
0,0.000000,ajones,cshubb,False
0,0.000000,ajones,cshubb,False
0,0.000000,ajones,cshubb,False
0,0.000000,ajones,cshubb,False
0,0.000000,ajones,cshubb,False
0,0.000000,ajones,cshubb,False
0,0.000000,ajones,cshubb,False
0,0.000000,ajones,cshubb,False
0,0.000000,ajones,cshubb,False
0,0.000000,ajones,cshubb,False
1,0.000000,ajsega,ajsega,True
1,0.000000,ajsega,ajsega,True
1,0.000000,ajsega,ajsega,True
1,0.000000,ajsega,ajsega,True
1,0.000000,ajsega,ajsega,True
1,0.000000,ajsega,ajsega,True
1,0.000000,ajsega,ajsega,True
1,0.000000,ajsega,ajsega,True
1,0.000000,ajsega,ajsega,True
1,0.000000,ajsega,ajsega,True
1,0.000000,ajsega,ajsega,True
1,0.000000,ajsega,ajsega,True
1,0.000000,ajsega,ajsega,True
1,0.000000,ajsega,ajsega,True
1,0.000000,ajsega,ajsega,True
1,0.000000,ajsega,ajsega,True
1,0.000000,ajsega,ajsega,True
1,0.000000,ajsega,ajsega,True
1,0.000000,ajsega,ajsega,True
0,0.000000,akatsi,cgboyc,False
0,0.000000,akatsi,cgboyc,False
0,0.000000,akatsi,cgboyc,False
0,0.000000,akatsi,cgboyc,False
0,0.000000,akatsi,cgboyc,False
0,0.000000,akatsi,cgboyc,False
0,0.000000,akatsi,cgboyc,False
0,0.000000,akatsi,ajsega,False
0,0.000000,akatsi,ajsega,False
0,0.000000,akatsi,cgboyc,False
0,0.000000,akatsi,cgboyc,False
0,0.000000,akatsi,cgboyc,False
0,0.000000,akatsi,ajsega,False
0,0.000000,akatsi,cgboyc,False
0,0.000000,akatsi,cgboyc,False
0,0.000000,akatsi,cgboyc,False
0,0.000000,akatsi,cgboyc,False
0,0.000000,akatsi,cgboyc,False
0,0.000000,akatsi,cgboyc,False
0,0.000000,ambarw,9338497,False
0,0.000000,ambarw,9338519,False
0,0.000000,ambarw,9338497,False
0,0.000000,ambarw,9338497,False
0,0.000000,ambarw,9338497,False
0,0.000000,ambarw,9338497,False
0,0.000000,ambarw,9338497,False
0,0.000000,ambarw,9338497,False
0,0.000000,ambarw,9338497,False
0,0.000000,ambarw,9338497,False
0,0.000000,ambarw,9338497,False
0,0.000000,ambarw,9338497,False
0,0.000000,ambarw,9338497,False
0,0.000000,ambarw,9338497,False
0,0.000000,ambarw,9338497,False
0,0.000000,ambarw,9338497,False
0,0.000000,ambarw,9338497,False
0,0.000000,ambarw,9338497,False
0,0.000000,ambarw,9338497,False
0,0.000000,asheal,ajsega,False
0,0.000000,asheal,jrtobi,False
0,0.000000,asheal,jrtobi,False
0,0.000000,asheal,jrtobi,False
0,0.000000,asheal,jrtobi,False
0,0.000000,asheal,jrtobi,False
0,0.000000,asheal,ajsega,False
0,0.000000,asheal,jrtobi,False
0,0.000000,asheal,jrtobi,False
0,0.000000,asheal,jrtobi,False
0,0.000000,asheal,jrtobi,False
0,0.000000,asheal,ajsega,False
0,0.000000,asheal,ajsega,False
0,0.000000,asheal,cshubb,False
0,0.000000,asheal,cshubb,False
0,0.000000,asheal,cshubb,False
0,0.000000,asheal,ajsega,False
0,0.000000,asheal,cshubb,False
0,0.000000,asheal,ajsega,False
0,0.000000,bplyce,gjnorm,False
0,0.000000,bplyce,gjnorm,False
0,0.000000,bplyce,gjnorm,False
0,0.000000,bplyce,gjnorm,False
0,0.000000,bplyce,gjnorm,False
0,0.000000,bplyce,9338462,False
0,0.000000,bplyce,gjnorm,False
0,0.000000,bplyce,gjnorm,False
0,0.000000,bplyce,gjnorm,False
0,0.000000,bplyce,gjnorm,False
0,0.000000,bplyce,gjnorm,False
0,0.000000,bplyce,gjnorm,False
0,0.000000,bplyce,gjnorm,False
0,0.000000,bplyce,gjnorm,False
0,0.000000,bplyce,gjnorm,False
0,0.000000,bplyce,gjnorm,False
0,0.000000,bplyce,gjnorm,False
0,0.000000,bplyce,gjnorm,False
0,0.000000,bplyce,gjnorm,False
0,0.000000,cchris,nrclar,False
0,0.000000,cchris,9338527,False
0,0.000000,cchris,9338527,False
0,0.000000,cchris,9338527,False
0,0.000000,cchris,9338527,False
0,0.000000,cchris,9338527,False
0,0.000000,cchris,nrclar,False
0,0.000000,cchris,nrclar,False
0,0.000000,cchris,nrclar,False
0,0.000000,cchris,nrclar,False
0,0.000000,cchris,9338527,False
0,0.000000,cchris,nrclar,False
0,0.000000,cchris,nrclar,False
0,0.000000,cchris,nrclar,False
0,0.000000,cchris,nrclar,False
0,0.000000,cchris,nrclar,False
0,0.000000,cchris,nrclar,False
0,0.000000,cchris,nrclar,False
0,0.000000,cchris,nrclar,False
0,0.000000,ccjame,cshubb,False
0,0.000000,ccjame,cshubb,False
0,0.000000,ccjame,cshubb,False
0,0.000000,ccjame,cshubb,False
0,0.000000,ccjame,cshubb,False
0,0.000000,ccjame,cshubb,False
0,0.000000,ccjame,cshubb,False
0,0.000000,ccjame,cshubb,False
0,0.000000,ccjame,cshubb,False
0,0.000000,ccjame,cshubb,False
0,0.000000,ccjame,cshubb,False
0,0.000000,ccjame,cshubb,False
0,0.000000,ccjame,cshubb,False
0,0.000000,ccjame,cshubb,False
0,0.000000,ccjame,cshubb,False
0,0.000000,ccjame,cshubb,False
0,0.000000,ccjame,cshubb,False
0,0.000000,ccjame,cshubb,False
0,0.000000,ccjame,cshubb,False
0,0.000000,cferdo,9338497,False
0,0.000000,cferdo,9338497,False
0,0.000000,cferdo,9338497,False
0,0.000000,cferdo,9338497,False
0,0.000000,cferdo,9338497,False
0,0.000000,cferdo,9338497,False
0,0.000000,cferdo,9338497,False
0,0.000000,cferdo,9338497,False
0,0.000000,cferdo,9338497,False
0,0.000000,cferdo,9338497,False
0,0.000000,cferdo,9338497,False
0,0.000000,cferdo,9338497,False
0,0.000000,cferdo,9338497,False
0,0.000000,cferdo,9338497,False
0,0.000000,cferdo,9338497,False
0,0.000000,cferdo,9338497,False
0,0.000000,cferdo,9338497,False
0,0.000000,cferdo,9338497,False
0,0.000000,cferdo,9338497,False
1,0.000000,cgboyc,cgboyc,True
1,0.000000,cgboyc,cgboyc,True
1,0.000000,cgboyc,cgboyc,True
1,0.000000,cgboyc,cgboyc,True
1,0.000000,cgboyc,cgboyc,True
1,0.000000,cgboyc,cgboyc,True
1,0.000000,cgboyc,cgboyc,True
1,0.000000,cgboyc,cgboyc,True
1,0.000000,cgboyc,cgboyc,True
1,0.000000,cgboyc,cgboyc,True
1,0.000000,cgboyc,cgboyc,True
1,0.000000,cgboyc,cgboyc,True
1,0.000000,cgboyc,cgboyc,True
1,0.000000,cgboyc,cgboyc,True
1,0.000000,cgboyc,cgboyc,True
1,0.000000,cgboyc,cgboyc,True
1,0.000000,cgboyc,cgboyc,True
1,0.000000,cgboyc,cgboyc,True
1,0.000000,cgboyc,cgboyc,True
0,0.000000,cjcarr,9338497,False
0,0.000000,cjcarr,9338497,False
0,0.000000,cjcarr,9338497,False
0,0.000000,cjcarr,cshubb,False
0,0.000000,cjcarr,gjnorm,False
0,0.000000,cjcarr,gjnorm,False
0,0.000000,cjcarr,9338497,False
0,0.000000,cjcarr,9338497,False
0,0.000000,cjcarr,9338497,False
0,0.000000,cjcarr,9338497,False
0,0.000000,cjcarr,9338497,False
0,0.000000,cjcarr,9338497,False
0,0.000000,cjcarr,9338497,False
0,0.000000,cjcarr,9338497,False
0,0.000000,cjcarr,9338497,False
0,0.000000,cjcarr,9338497,False
0,0.000000,cjcarr,9338497,False
0,0.000000,cjcarr,9338497,False
0,0.000000,cjcarr,9338497,False
0,0.000000,cjdenn,9338462,False
0,0.000000,cjdenn,9338462,False
0,0.000000,cjdenn,9338462,False
0,0.000000,cjdenn,9338462,False
0,0.000000,cjdenn,9338462,False
0,0.000000,cjdenn,9338462,False
0,0.000000,cjdenn,9338462,False
0,0.000000,cjdenn,9338462,False
0,0.000000,cjdenn,9338462,False
0,0.000000,cjdenn,9338462,False
0,0.000000,cjdenn,9338462,False
0,0.000000,cjdenn,9338462,False
0,0.000000,cjdenn,9338462,False
0,0.000000,cjdenn,9338462,False
0,0.000000,cjdenn,9338462,False
0,0.000000,cjdenn,9338462,False
0,0.000000,cjdenn,9338462,False
0,0.000000,cjdenn,9338462,False
0,0.000000,cjdenn,9338462,False
0,0.000000,cjsake,gjnorm,False
0,0.000000,cjsake,gjnorm,False
0,0.000000,cjsake,gjnorm,False
0,0.000000,cjsake,gjnorm,False
0,0.000000,cjsake,gjnorm,False
0,0.000000,cjsake,gjnorm,False
0,0.000000,cjsake,9338462,False
0,0.000000,cjsake,9338462,False
0,0.000000,cjsake,9338462,False
0,0.000000,cjsake,gjnorm,False
0,0.000000,cjsake,9338462,False
0,0.000000,cjsake,gjnorm,False
0,0.000000,cjsake,gjnorm,False
0,0.000000,cjsake,gjnorm,False
0,0.000000,cjsake,gjnorm,False
0,0.000000,cjsake,gjnorm,False
0,0.000000,cjsake,gjnorm,False
0,0.000000,cjsake,gjnorm,False
0,0.000000,cjsake,gjnorm,False
0,0.000000,cmkirk,cshubb,False
0,0.000000,cmkirk,cshubb,False
0,0.000000,cmkirk,cshubb,False
0,0.000000,cmkirk,cshubb,False
0,0.000000,cmkirk,cshubb,False
0,0.000000,cmkirk,cshubb,False
0,0.000000,cmkirk,cshubb,False
0,0.000000,cmkirk,cshubb,False
0,0.000000,cmkirk,cshubb,False
0,0.000000,cmkirk,cshubb,False
0,0.000000,cmkirk,cshubb,False
0,0.000000,cmkirk,cshubb,False
0,0.000000,cmkirk,cshubb,False
0,0.000000,cmkirk,cshubb,False
0,0.000000,cmkirk,cshubb,False
0,0.000000,cmkirk,cshubb,False
0,0.000000,cmkirk,cshubb,False
0,0.000000,cmkirk,cshubb,False
0,0.000000,cmkirk,cshubb,False
0,0.000000,csanch,cshubb,False
0,0.000000,csanch,cshubb,False
0,0.000000,csanch,cshubb,False
0,0.000000,csanch,cshubb,False
0,0.000000,csanch,cshubb,False
0,0.000000,csanch,cshubb,False
0,0.000000,csanch,cshubb,False
0,0.000000,csanch,cshubb,False
0,0.000000,csanch,cshubb,False
0,0.000000,csanch,cshubb,False
0,0.000000,csanch,cshubb,False
0,0.000000,csanch,cshubb,False
0,0.000000,csanch,cshubb,False
0,0.000000,csanch,cshubb,False
0,0.000000,csanch,cshubb,False
0,0.000000,csanch,cshubb,False
0,0.000000,csanch,cshubb,False
0,0.000000,csanch,cshubb,False
0,0.000000,csanch,cshubb,False
1,0.000000,cshubb,cshubb,True
1,0.000000,cshubb,cshubb,True
1,0.000000,cshubb,cshubb,True
1,0.000000,cshubb,cshubb,True
1,0.000000,cshubb,cshubb,True
1,0.000000,cshubb,cshubb,True
1,0.000000,cshubb,cshubb,True
1,0.000000,cshubb,cshubb,True
1,0.000000,cshubb,cshubb,True
1,0.000000,cshubb,cshubb,True
1,0.000000,cshubb,cshubb,True
1,0.000000,cshubb,cshubb,True
1,0.000000,cshubb,cshubb,True
1,0.000000,cshubb,cshubb,True
1,0.000000,cshubb,cshubb,True
1,0.000000,cshubb,cshubb,True
1,0.000000,cshubb,cshubb,True
1,0.000000,cshubb,cshubb,True
1,0.000000,cshubb,cshubb,True
0,0.000000,cwchoi,9338497,False
0,0.000000,cwchoi,gjnorm,False
0,0.000000,cwchoi,gjnorm,False
0,0.000000,cwchoi,9338497,False
0,0.000000,cwchoi,gjnorm,False
0,0.000000,cwchoi,gjnorm,False
0,0.000000,cwchoi,9338497,False
0,0.000000,cwchoi,gjnorm,False
0,0.000000,cwchoi,9338497,False
0,0.000000,cwchoi,9338497,False
0,0.000000,cwchoi,gjnorm,False
0,0.000000,cwchoi,gjnorm,False
0,0.000000,cwchoi,gjnorm,False
0,0.000000,cwchoi,gjnorm,False
0,0.000000,cwchoi,gjnorm,False
0,0.000000,cwchoi,gjnorm,False
0,0.000000,cwchoi,gjnorm,False
0,0.000000,cwchoi,9338497,False
0,0.000000,cwchoi,gjnorm,False
0,0.000000,dagran,9338519,False
0,0.000000,dagran,9338519,False
0,0.000000,dagran,9338519,False
0,0.000000,dagran,9338519,False
0,0.000000,dagran,9338519,False
0,0.000000,dagran,9338519,False
0,0.000000,dagran,9338519,False
0,0.000000,dagran,9338519,False
0,0.000000,dagran,9338519,False
0,0.000000,dagran,9338519,False
0,0.000000,dagran,9338519,False
0,0.000000,dagran,9338519,False
0,0.000000,dagran,9338519,False
0,0.000000,dagran,9338519,False
0,0.000000,dagran,9338519,False
0,0.000000,dagran,9338519,False
0,0.000000,dagran,9338519,False
0,0.000000,dagran,9338519,False
0,0.000000,dagran,9338519,False
0,0.000000,dakram,cshubb,False
0,0.000000,dakram,cshubb,False
0,0.000000,dakram,cshubb,False
0,0.000000,dakram,cshubb,False
0,0.000000,dakram,cshubb,False
0,0.000000,dakram,cshubb,False
0,0.000000,dakram,cshubb,False
0,0.000000,dakram,cshubb,False
0,0.000000,dakram,rrowle,False
0,0.000000,dakram,cshubb,False
0,0.000000,dakram,cshubb,False
0,0.000000,dakram,cshubb,False
0,0.000000,dakram,cshubb,False
0,0.000000,dakram,cshubb,False
0,0.000000,dakram,cshubb,False
0,0.000000,dakram,cshubb,False
0,0.000000,dakram,cshubb,False
0,0.000000,dakram,cshubb,False
0,0.000000,dakram,cshubb,False
0,0.000000,dcbowe,ajsega,False
0,0.000000,dcbowe,gjnorm,False
0,0.000000,dcbowe,gjnorm,False
0,0.000000,dcbowe,gjnorm,False
0,0.000000,dcbowe,gjnorm,False
0,0.000000,dcbowe,gjnorm,False
0,0.000000,dcbowe,gjnorm,False
0,0.000000,dcbowe,gjnorm,False
0,0.000000,dcbowe,gjnorm,False
0,0.000000,dcbowe,jrtobi,False
0,0.000000,dcbowe,ajsega,False
0,0.000000,dcbowe,gjnorm,False
0,0.000000,dcbowe,jrtobi,False
0,0.000000,dcbowe,gjnorm,False
0,0.000000,dcbowe,gjnorm,False
0,0.000000,dcbowe,gjnorm,False
0,0.000000,dcbowe,gjnorm,False
0,0.000000,dcbowe,gjnorm,False
0,0.000000,dcbowe,gjnorm,False
0,0.000000,dioann,cshubb,False
0,0.000000,dioann,cshubb,False
0,0.000000,dioann,9338462,False
0,0.000000,dioann,9338462,False
0,0.000000,dioann,cshubb,False
0,0.000000,dioann,9338462,False
0,0.000000,dioann,cshubb,False
0,0.000000,dioann,cshubb,False
0,0.000000,dioann,cshubb,False
0,0.000000,dioann,cshubb,False
0,0.000000,dioann,cshubb,False
0,0.000000,dioann,9338462,False
0,0.000000,dioann,9338462,False
0,0.000000,dioann,9338462,False
0,0.000000,dioann,9338462,False
0,0.000000,dioann,9338462,False
0,0.000000,dioann,9338462,False
0,0.000000,dioann,9338462,False
0,0.000000,dioann,cshubb,False
0,0.000000,djbirc,ajsega,False
0,0.000000,djbirc,ajsega,False
0,0.000000,djbirc,ajsega,False
0,0.000000,djbirc,ajsega,False
0,0.000000,djbirc,ajsega,False
0,0.000000,djbirc,ajsega,False
0,0.000000,djbirc,ajsega,False
0,0.000000,djbirc,ajsega,False
0,0.000000,djbirc,ajsega,False
0,0.000000,djbirc,ajsega,False
0,0.000000,djbirc,ajsega,False
0,0.000000,djbirc,ajsega,False
0,0.000000,djbirc,ajsega,False
0,0.000000,djbirc,ajsega,False
0,0.000000,djbirc,ajsega,False
0,0.000000,djbirc,ajsega,False
0,0.000000,djbirc,ajsega,False
0,0.000000,djbirc,ajsega,False
0,0.000000,djbirc,ajsega,False
0,0.000000,djhugh,nrclar,False
0,0.000000,djhugh,nrclar,False
0,0.000000,djhugh,nrclar,False
0,0.000000,djhugh,nrclar,False
0,0.000000,djhugh,nrclar,False
0,0.000000,djhugh,nrclar,False
0,0.000000,djhugh,nrclar,False
0,0.000000,djhugh,nrclar,False
0,0.000000,djhugh,nrclar,False
0,0.000000,djhugh,nrclar,False
0,0.000000,djhugh,nrclar,False
0,0.000000,djhugh,nrclar,False
0,0.000000,djhugh,nrclar,False
0,0.000000,djhugh,nrclar,False
0,0.000000,djhugh,nrclar,False
0,0.000000,djhugh,nrclar,False
0,0.000000,djhugh,nrclar,False
0,0.000000,djhugh,nrclar,False
0,0.000000,djhugh,nrclar,False
0,0.000000,djmart,9338497,False
0,0.000000,djmart,cshubb,False
0,0.000000,djmart,cshubb,False
0,0.000000,djmart,9338497,False
0,0.000000,djmart,cshubb,False
0,0.000000,djmart,9338497,False
0,0.000000,djmart,cshubb,False
0,0.000000,djmart,cshubb,False
0,0.000000,djmart,cshubb,False
0,0.000000,djmart,cshubb,False
0,0.000000,djmart,cshubb,False
0,0.000000,djmart,9338497,False
0,0.000000,djmart,9338497,False
0,0.000000,djmart,9338497,False
0,0.000000,djmart,unknown,False
0,0.000000,djmart,unknown,False
0,0.000000,djmart,unknown,False
0,0.000000,djmart,9338497,False
0,0.000000,djmart,unknown,False
0,0.000000,dmwest,gjhero,False
0,0.000000,dmwest,gjhero,False
0,0.000000,dmwest,gjhero,False
0,0.000000,dmwest,gjhero,False
0,0.000000,dmwest,gjhero,False
0,0.000000,dmwest,gjhero,False
0,0.000000,dmwest,gjhero,False
0,0.000000,dmwest,gjhero,False
0,0.000000,dmwest,gjhero,False
0,0.000000,dmwest,gjhero,False
0,0.000000,dmwest,gjhero,False
0,0.000000,dmwest,gjhero,False
0,0.000000,dmwest,gjhero,False
0,0.000000,dmwest,gjhero,False
0,0.000000,dmwest,gjhero,False
0,0.000000,dmwest,gjhero,False
0,0.000000,dmwest,gjhero,False
0,0.000000,dmwest,gjhero,False
0,0.000000,dmwest,gjhero,False
0,0.000000,gdhatc,rrowle,False
0,0.000000,gdhatc,rrowle,False
0,0.000000,gdhatc,rrowle,False
0,0.000000,gdhatc,rrowle,False
0,0.000000,gdhatc,rrowle,False
0,0.000000,gdhatc,rrowle,False
0,0.000000,gdhatc,rrowle,False
0,0.000000,gdhatc,rrowle,False
0,0.000000,gdhatc,rrowle,False
0,0.000000,gdhatc,rrowle,False
0,0.000000,gdhatc,rrowle,False
0,0.000000,gdhatc,rrowle,False
0,0.000000,gdhatc,rrowle,False
0,0.000000,gdhatc,rrowle,False
0,0.000000,gdhatc,rrowle,False
0,0.000000,gdhatc,rrowle,False
0,0.000000,gdhatc,rrowle,False
0,0.000000,gdhatc,rrowle,False
0,0.000000,gdhatc,rrowle,False
0,0.000000,ggeorg,9338462,False
0,0.000000,ggeorg,9338462,False
0,0.000000,ggeorg,9338462,False
0,0.000000,ggeorg,9338519,False
0,0.000000,ggeorg,9338462,False
0,0.000000,ggeorg,9338462,False
0,0.000000,ggeorg,9338462,False
0,0.000000,ggeorg,9338462,False
0,0.000000,ggeorg,9338519,False
0,0.000000,ggeorg,9338462,False
0,0.000000,ggeorg,9338462,False
0,0.000000,ggeorg,9338519,False
0,0.000000,ggeorg,9338462,False
0,0.000000,ggeorg,9338462,False
0,0.000000,ggeorg,9338462,False
0,0.000000,ggeorg,9338462,False
0,0.000000,ggeorg,9338462,False
0,0.000000,ggeorg,9338462,False
0,0.000000,ggeorg,9338519,False
0,0.000000,ggrego,9338527,False
0,0.000000,ggrego,9338527,False
0,0.000000,ggrego,9338497,False
0,0.000000,ggrego,9338527,False
0,0.000000,ggrego,9338497,False
0,0.000000,ggrego,9338527,False
0,0.000000,ggrego,9338497,False
0,0.000000,ggrego,9338497,False
0,0.000000,ggrego,9338497,False
0,0.000000,ggrego,9338527,False
0,0.000000,ggrego,9338497,False
0,0.000000,ggrego,9338527,False
0,0.000000,ggrego,9338527,False
0,0.000000,ggrego,9338527,False
0,0.000000,ggrego,9338527,False
0,0.000000,ggrego,9338527,False
0,0.000000,ggrego,9338527,False
0,0.000000,ggrego,9338527,False
0,0.000000,ggrego,9338527,False
1,0.000000,gjhero,gjhero,True
1,0.000000,gjhero,gjhero,True
1,0.000000,gjhero,gjhero,True
1,0.000000,gjhero,gjhero,True
1,0.000000,gjhero,gjhero,True
1,0.000000,gjhero,gjhero,True
1,0.000000,gjhero,gjhero,True
1,0.000000,gjhero,gjhero,True
1,0.000000,gjhero,gjhero,True
1,0.000000,gjhero,gjhero,True
1,0.000000,gjhero,gjhero,True
1,0.000000,gjhero,gjhero,True
1,0.000000,gjhero,gjhero,True
1,0.000000,gjhero,gjhero,True
1,0.000000,gjhero,gjhero,True
1,0.000000,gjhero,gjhero,True
1,0.000000,gjhero,gjhero,True
1,0.000000,gjhero,gjhero,True
1,0.000000,gjhero,gjhero,True
1,0.000000,gjnorm,gjnorm,True
1,0.000000,gjnorm,gjnorm,True
1,0.000000,gjnorm,gjnorm,True
1,0.000000,gjnorm,gjnorm,True
1,0.000000,gjnorm,gjnorm,True
1,0.000000,gjnorm,gjnorm,True
1,0.000000,gjnorm,gjnorm,True
1,0.000000,gjnorm,gjnorm,True
1,0.000000,gjnorm,gjnorm,True
1,0.000000,gjnorm,gjnorm,True
1,0.000000,gjnorm,gjnorm,True
1,0.000000,gjnorm,gjnorm,True
1,0.000000,gjnorm,gjnorm,True
1,0.000000,gjnorm,gjnorm,True
1,0.000000,gjnorm,gjnorm,True
1,0.000000,gjnorm,gjnorm,True
1,0.000000,gjnorm,gjnorm,True
1,0.000000,gjnorm,gjnorm,True
1,0.000000,gjnorm,gjnorm,True
0,0.000000,gmwate,gjnorm,False
0,0.000000,gmwate,gjnorm,False
0,0.000000,gmwate,gjnorm,False
0,0.000000,gmwate,gjnorm,False
0,0.000000,gmwate,gjnorm,False
0,0.000000,gmwate,9338519,False
0,0.000000,gmwate,gjnorm,False
0,0.000000,gmwate,gjnorm,False
0,0.000000,gmwate,gjnorm,False
0,0.000000,gmwate,9338519,False
0,0.000000,gmwate,gjnorm,False
0,0.000000,gmwate,9338519,False
0,0.000000,gmwate,9338519,False
0,0.000000,gmwate,9338519,False
0,0.000000,gmwate,9338519,False
0,0.000000,gmwate,9338519,False
0,0.000000,gmwate,9338519,False
0,0.000000,gmwate,9338519,False
0,0.000000,gmwate,9338519,False
0,0.000000,gpapaz,rrowle,False
0,0.000000,gpapaz,rrowle,False
0,0.000000,gpapaz,rrowle,False
0,0.000000,gpapaz,rrowle,False
0,0.000000,gpapaz,rrowle,False
0,0.000000,gpapaz,rrowle,False
0,0.000000,gpapaz,rrowle,False
0,0.000000,gpapaz,rrowle,False
0,0.000000,gpapaz,rrowle,False
0,0.000000,gpapaz,rrowle,False
0,0.000000,gpapaz,rrowle,False
0,0.000000,gpapaz,rrowle,False
0,0.000000,gpapaz,rrowle,False
0,0.000000,gpapaz,rrowle,False
0,0.000000,gpapaz,rrowle,False
0,0.000000,gpapaz,rrowle,False
0,0.000000,gpapaz,rrowle,False
0,0.000000,gpapaz,rrowle,False
0,0.000000,gpapaz,rrowle,False
0,0.000000,gpsmit,gjnorm,False
0,0.000000,gpsmit,gjnorm,False
0,0.000000,gpsmit,gjnorm,False
0,0.000000,gpsmit,gjnorm,False
0,0.000000,gpsmit,gjnorm,False
0,0.000000,gpsmit,gjnorm,False
0,0.000000,gpsmit,gjnorm,False
0,0.000000,gpsmit,gjnorm,False
0,0.000000,gpsmit,swsmit,False
0,0.000000,gpsmit,gjnorm,False
0,0.000000,gpsmit,gjnorm,False
0,0.000000,gpsmit,gjnorm,False
0,0.000000,gpsmit,gjnorm,False
0,0.000000,gpsmit,swsmit,False
0,0.000000,gpsmit,gjnorm,False
0,0.000000,gpsmit,swsmit,False
0,0.000000,gpsmit,gjnorm,False
0,0.000000,gpsmit,gjnorm,False
0,0.000000,gpsmit,gjnorm,False
0,0.000000,gsreas,cshubb,False
0,0.000000,gsreas,swsmit,False
0,0.000000,gsreas,swsmit,False
0,0.000000,gsreas,swsmit,False
0,0.000000,gsreas,swsmit,False
0,0.000000,gsreas,swsmit,False
0,0.000000,gsreas,9338519,False
0,0.000000,gsreas,swsmit,False
0,0.000000,gsreas,jlemon,False
0,0.000000,gsreas,jlemon,False
0,0.000000,gsreas,swsmit,False
0,0.000000,gsreas,swsmit,False
0,0.000000,gsreas,swsmit,False
0,0.000000,gsreas,swsmit,False
0,0.000000,gsreas,cshubb,False
0,0.000000,gsreas,swsmit,False
0,0.000000,gsreas,swsmit,False
0,0.000000,gsreas,swsmit,False
0,0.000000,gsreas,swsmit,False
0,0.000000,irdrew,9338497,False
0,0.000000,irdrew,9338497,False
0,0.000000,irdrew,jrtobi,False
0,0.000000,irdrew,jrtobi,False
0,0.000000,irdrew,9338497,False
0,0.000000,irdrew,jrtobi,False
0,0.000000,irdrew,9338497,False
0,0.000000,irdrew,9338497,False
0,0.000000,irdrew,jrtobi,False
0,0.000000,irdrew,9338497,False
0,0.000000,irdrew,jrtobi,False
0,0.000000,irdrew,jrtobi,False
0,0.000000,irdrew,jrtobi,False
0,0.000000,irdrew,jrtobi,False
0,0.000000,irdrew,jrtobi,False
0,0.000000,irdrew,jrtobi,False
0,0.000000,irdrew,jrtobi,False
0,0.000000,irdrew,jrtobi,False
0,0.000000,irdrew,jrtobi,False
0,0.000000,jabins,9338519,False
0,0.000000,jabins,9338519,False
0,0.000000,jabins,9338519,False
0,0.000000,jabins,9338519,False
0,0.000000,jabins,9338519,False
0,0.000000,jabins,9338519,False
0,0.000000,jabins,9338519,False
0,0.000000,jabins,9338519,False
0,0.000000,jabins,9338519,False
0,0.000000,jabins,9338519,False
0,0.000000,jabins,9338519,False
0,0.000000,jabins,9338519,False
0,0.000000,jabins,9338519,False
0,0.000000,jabins,9338519,False
0,0.000000,jabins,9338519,False
0,0.000000,jabins,9338519,False
0,0.000000,jabins,9338519,False
0,0.000000,jabins,9338519,False
0,0.000000,jabins,9338519,False
0,0.000000,jagrif,cshubb,False
0,0.000000,jagrif,rrowle,False
0,0.000000,jagrif,cshubb,False
0,0.000000,jagrif,cshubb,False
0,0.000000,jagrif,cshubb,False
0,0.000000,jagrif,cshubb,False
0,0.000000,jagrif,cshubb,False
0,0.000000,jagrif,cshubb,False
0,0.000000,jagrif,cshubb,False
0,0.000000,jagrif,cshubb,False
0,0.000000,jagrif,cshubb,False
0,0.000000,jagrif,cshubb,False
0,0.000000,jagrif,rrowle,False
0,0.000000,jagrif,rrowle,False
0,0.000000,jagrif,rrowle,False
0,0.000000,jagrif,rrowle,False
0,0.000000,jagrif,cshubb,False
0,0.000000,jagrif,cshubb,False
0,0.000000,jagrif,cshubb,False
0,0.000000,jcarte,9338497,False
0,0.000000,jcarte,9338497,False
0,0.000000,jcarte,jrtobi,False
0,0.000000,jcarte,jrtobi,False
0,0.000000,jcarte,jrtobi,False
0,0.000000,jcarte,jrtobi,False
0,0.000000,jcarte,jrtobi,False
0,0.000000,jcarte,jrtobi,False
0,0.000000,jcarte,jrtobi,False
0,0.000000,jcarte,jrtobi,False
0,0.000000,jcarte,jrtobi,False
0,0.000000,jcarte,jrtobi,False
0,0.000000,jcarte,jrtobi,False
0,0.000000,jcarte,jrtobi,False
0,0.000000,jcarte,jrtobi,False
0,0.000000,jcarte,jrtobi,False
0,0.000000,jcarte,jrtobi,False
0,0.000000,jcarte,jrtobi,False
0,0.000000,jcarte,jrtobi,False
0,0.000000,jdbenm,cshubb,False
0,0.000000,jdbenm,jrtobi,False
0,0.000000,jdbenm,cshubb,False
0,0.000000,jdbenm,jrtobi,False
0,0.000000,jdbenm,cshubb,False
0,0.000000,jdbenm,jrtobi,False
0,0.000000,jdbenm,cshubb,False
0,0.000000,jdbenm,cshubb,False
0,0.000000,jdbenm,cshubb,False
0,0.000000,jdbenm,cshubb,False
0,0.000000,jdbenm,cshubb,False
0,0.000000,jdbenm,jrtobi,False
0,0.000000,jdbenm,jrtobi,False
0,0.000000,jdbenm,cshubb,False
0,0.000000,jdbenm,cshubb,False
0,0.000000,jdbenm,cshubb,False
0,0.000000,jdbenm,cshubb,False
0,0.000000,jdbenm,cshubb,False
0,0.000000,jdbenm,cshubb,False
0,0.000000,jgloma,9338462,False
0,0.000000,jgloma,9338462,False
0,0.000000,jgloma,9338462,False
0,0.000000,jgloma,9338462,False
0,0.000000,jgloma,9338462,False
0,0.000000,jgloma,9338462,False
0,0.000000,jgloma,9338462,False
0,0.000000,jgloma,9338462,False
0,0.000000,jgloma,9338462,False
0,0.000000,jgloma,9338462,False
0,0.000000,jgloma,9338462,False
0,0.000000,jgloma,9338462,False
0,0.000000,jgloma,9338462,False
0,0.000000,jgloma,9338462,False
0,0.000000,jgloma,9338462,False
0,0.000000,jgloma,9338462,False
0,0.000000,jgloma,9338462,False
0,0.000000,jgloma,9338462,False
0,0.000000,jgloma,9338462,False
1,0.000000,jlemon,jlemon,True
1,0.000000,jlemon,jlemon,True
1,0.000000,jlemon,jlemon,True
1,0.000000,jlemon,jlemon,True
1,0.000000,jlemon,jlemon,True
1,0.000000,jlemon,jlemon,True
1,0.000000,jlemon,jlemon,True
1,0.000000,jlemon,jlemon,True
1,0.000000,jlemon,jlemon,True
1,0.000000,jlemon,jlemon,True
1,0.000000,jlemon,jlemon,True
1,0.000000,jlemon,jlemon,True
1,0.000000,jlemon,jlemon,True
1,0.000000,jlemon,jlemon,True
1,0.000000,jlemon,jlemon,True
1,0.000000,jlemon,jlemon,True
1,0.000000,jlemon,jlemon,True
1,0.000000,jlemon,jlemon,True
1,0.000000,jlemon,jlemon,True
0,0.000000,jmedin,9338497,False
0,0.000000,jmedin,9338497,False
0,0.000000,jmedin,9338497,False
0,0.000000,jmedin,9338497,False
0,0.000000,jmedin,9338497,False
0,0.000000,jmedin,9338497,False
0,0.000000,jmedin,9338497,False
0,0.000000,jmedin,9338497,False
0,0.000000,jmedin,9338497,False
0,0.000000,jmedin,9338497,False
0,0.000000,jmedin,9338497,False
0,0.000000,jmedin,9338497,False
0,0.000000,jmedin,9338497,False
0,0.000000,jmedin,9338497,False
0,0.000000,jmedin,9338497,False
0,0.000000,jmedin,9338497,False
0,0.000000,jmedin,9338497,False
0,0.000000,jmedin,9338497,False
0,0.000000,jmedin,9338497,False
1,0.000000,jrtobi,jrtobi,True
1,0.000000,jrtobi,jrtobi,True
1,0.000000,jrtobi,jrtobi,True
1,0.000000,jrtobi,jrtobi,True
1,0.000000,jrtobi,jrtobi,True
1,0.000000,jrtobi,jrtobi,True
1,0.000000,jrtobi,jrtobi,True
1,0.000000,jrtobi,jrtobi,True
1,0.000000,jrtobi,jrtobi,True
1,0.000000,jrtobi,jrtobi,True
1,0.000000,jrtobi,jrtobi,True
1,0.000000,jrtobi,jrtobi,True
1,0.000000,jrtobi,jrtobi,True
1,0.000000,jrtobi,jrtobi,True
1,0.000000,jrtobi,jrtobi,True
1,0.000000,jrtobi,jrtobi,True
1,0.000000,jrtobi,jrtobi,True
1,0.000000,jrtobi,jrtobi,True
1,0.000000,jrtobi,jrtobi,True
0,0.000000,kaatki,nrclar,False
0,0.000000,kaatki,nrclar,False
0,0.000000,kaatki,nrclar,False
0,0.000000,kaatki,nrclar,False
0,0.000000,kaatki,nrclar,False
0,0.000000,kaatki,cshubb,False
0,0.000000,kaatki,cshubb,False
0,0.000000,kaatki,nrclar,False
0,0.000000,kaatki,nrclar,False
0,0.000000,kaatki,nrclar,False
0,0.000000,kaatki,cshubb,False
0,0.000000,kaatki,cshubb,False
0,0.000000,kaatki,cshubb,False
0,0.000000,kaatki,nrclar,False
0,0.000000,kaatki,nrclar,False
0,0.000000,kaatki,nrclar,False
0,0.000000,kaatki,nrclar,False
0,0.000000,kaatki,nrclar,False
0,0.000000,kaatki,cshubb,False
0,0.000000,kdjone,ajsega,False
0,0.000000,kdjone,ajsega,False
0,0.000000,kdjone,ajsega,False
0,0.000000,kdjone,ajsega,False
0,0.000000,kdjone,ajsega,False
0,0.000000,kdjone,ajsega,False
0,0.000000,kdjone,ajsega,False
0,0.000000,kdjone,ajsega,False
0,0.000000,kdjone,ajsega,False
0,0.000000,kdjone,ajsega,False
0,0.000000,kdjone,ajsega,False
0,0.000000,kdjone,swsmit,False
0,0.000000,kdjone,swsmit,False
0,0.000000,kdjone,swsmit,False
0,0.000000,kdjone,swsmit,False
0,0.000000,kdjone,swsmit,False
0,0.000000,kdjone,swsmit,False
0,0.000000,kdjone,swsmit,False
0,0.000000,kdjone,swsmit,False
0,0.000000,khchan,9338497,False
0,0.000000,khchan,9338497,False
0,0.000000,khchan,9338497,False
0,0.000000,khchan,9338497,False
0,0.000000,khchan,9338497,False
0,0.000000,khchan,9338497,False
0,0.000000,khchan,9338497,False
0,0.000000,khchan,9338497,False
0,0.000000,khchan,9338497,False
0,0.000000,khchan,9338497,False
0,0.000000,khchan,9338497,False
0,0.000000,khchan,9338497,False
0,0.000000,khchan,9338497,False
0,0.000000,khchan,9338497,False
0,0.000000,khchan,9338497,False
0,0.000000,khchan,9338497,False
0,0.000000,khchan,9338497,False
0,0.000000,khchan,9338497,False
0,0.000000,khchan,9338497,False
0,0.000000,khughe,gjnorm,False
0,0.000000,khughe,9338462,False
0,0.000000,khughe,rrowle,False
0,0.000000,khughe,9338462,False
0,0.000000,khughe,9338462,False
0,0.000000,khughe,rrowle,False
0,0.000000,khughe,9338462,False
0,0.000000,khughe,9338462,False
0,0.000000,khughe,9338462,False
0,0.000000,khughe,9338462,False
0,0.000000,khughe,gjnorm,False
0,0.000000,khughe,gjnorm,False
0,0.000000,khughe,gjnorm,False
0,0.000000,khughe,9338462,False
0,0.000000,khughe,gjnorm,False
0,0.000000,khughe,gjnorm,False
0,0.000000,khughe,gjnorm,False
0,0.000000,khughe,9338462,False
0,0.000000,khughe,9338462,False
0,0.000000,kjwith,ajsega,False
0,0.000000,kjwith,ajsega,False
0,0.000000,kjwith,jrtobi,False
0,0.000000,kjwith,ajsega,False
0,0.000000,kjwith,ajsega,False
0,0.000000,kjwith,ajsega,False
0,0.000000,kjwith,jrtobi,False
0,0.000000,kjwith,jrtobi,False
0,0.000000,kjwith,jrtobi,False
0,0.000000,kjwith,ajsega,False
0,0.000000,kjwith,jrtobi,False
0,0.000000,kjwith,ajsega,False
0,0.000000,kjwith,ajsega,False
0,0.000000,kjwith,ajsega,False
0,0.000000,kjwith,jrtobi,False
0,0.000000,kjwith,ajsega,False
0,0.000000,kjwith,ajsega,False
0,0.000000,kjwith,ajsega,False
0,0.000000,kjwith,ajsega,False
0,0.000000,lejnno,gjnorm,False
0,0.000000,lejnno,gjnorm,False
0,0.000000,lejnno,gjnorm,False
0,0.000000,lejnno,gjnorm,False
0,0.000000,lejnno,gjnorm,False
0,0.000000,lejnno,gjnorm,False
0,0.000000,lejnno,gjnorm,False
0,0.000000,lejnno,swsmit,False
0,0.000000,lejnno,gjnorm,False
0,0.000000,lejnno,gjnorm,False
0,0.000000,lejnno,swsmit,False
0,0.000000,lejnno,gjnorm,False
0,0.000000,lejnno,gjnorm,False
0,0.000000,lejnno,gjnorm,False
0,0.000000,lejnno,gjnorm,False
0,0.000000,lejnno,gjnorm,False
0,0.000000,lejnno,gjnorm,False
0,0.000000,lejnno,gjnorm,False
0,0.000000,lejnno,gjnorm,False
0,0.000000,maasht,cshubb,False
0,0.000000,maasht,9338527,False
0,0.000000,maasht,9338527,False
0,0.000000,maasht,9338527,False
0,0.000000,maasht,rrowle,False
0,0.000000,maasht,9338527,False
0,0.000000,maasht,9338527,False
0,0.000000,maasht,9338527,False
0,0.000000,maasht,9338527,False
0,0.000000,maasht,9338527,False
0,0.000000,maasht,9338527,False
0,0.000000,maasht,9338462,False
0,0.000000,maasht,9338462,False
0,0.000000,maasht,gjnorm,False
0,0.000000,maasht,gjnorm,False
0,0.000000,maasht,9338462,False
0,0.000000,maasht,9338462,False
0,0.000000,maasht,9338462,False
0,0.000000,maasht,gjnorm,False
0,0.000000,mberdo,swsmit,False
0,0.000000,mberdo,ajsega,False
0,0.000000,mberdo,ajsega,False
0,0.000000,mberdo,ajsega,False
0,0.000000,mberdo,ajsega,False
0,0.000000,mberdo,gjhero,False
0,0.000000,mberdo,gjhero,False
0,0.000000,mberdo,gjhero,False
0,0.000000,mberdo,ajsega,False
0,0.000000,mberdo,ajsega,False
0,0.000000,mberdo,ajsega,False
0,0.000000,mberdo,swsmit,False
0,0.000000,mberdo,swsmit,False
0,0.000000,mberdo,swsmit,False
0,0.000000,mberdo,nrclar,False
0,0.000000,mberdo,ajsega,False
0,0.000000,mberdo,ajsega,False
0,0.000000,mberdo,ajsega,False
0,0.000000,mberdo,ajsega,False
0,0.000000,mdpove,9338462,False
0,0.000000,mdpove,cshubb,False
0,0.000000,mdpove,9338462,False
0,0.000000,mdpove,9338462,False
0,0.000000,mdpove,9338462,False
0,0.000000,mdpove,9338462,False
0,0.000000,mdpove,9338462,False
0,0.000000,mdpove,9338462,False
0,0.000000,mdpove,9338462,False
0,0.000000,mdpove,9338462,False
0,0.000000,mdpove,9338462,False
0,0.000000,mdpove,swsmit,False
0,0.000000,mdpove,swsmit,False
0,0.000000,mdpove,swsmit,False
0,0.000000,mdpove,swsmit,False
0,0.000000,mdpove,swsmit,False
0,0.000000,mdpove,swsmit,False
0,0.000000,mdpove,cshubb,False
0,0.000000,mdpove,cshubb,False
0,0.000000,mefait,jrtobi,False
0,0.000000,mefait,jrtobi,False
0,0.000000,mefait,jrtobi,False
0,0.000000,mefait,jrtobi,False
0,0.000000,mefait,jrtobi,False
0,0.000000,mefait,jrtobi,False
0,0.000000,mefait,jrtobi,False
0,0.000000,mefait,jrtobi,False
0,0.000000,mefait,jrtobi,False
0,0.000000,mefait,jrtobi,False
0,0.000000,mefait,jrtobi,False
0,0.000000,mefait,jrtobi,False
0,0.000000,mefait,jrtobi,False
0,0.000000,mefait,jrtobi,False
0,0.000000,mefait,jrtobi,False
0,0.000000,mefait,jrtobi,False
0,0.000000,mefait,jrtobi,False
0,0.000000,mefait,jrtobi,False
0,0.000000,mefait,jrtobi,False
0,0.000000,mhwill,ajsega,False
0,0.000000,mhwill,ajsega,False
0,0.000000,mhwill,jrtobi,False
0,0.000000,mhwill,ajsega,False
0,0.000000,mhwill,ajsega,False
0,0.000000,mhwill,ajsega,False
0,0.000000,mhwill,ajsega,False
0,0.000000,mhwill,jrtobi,False
0,0.000000,mhwill,jrtobi,False
0,0.000000,mhwill,ajsega,False
0,0.000000,mhwill,jrtobi,False
0,0.000000,mhwill,ajsega,False
0,0.000000,mhwill,ajsega,False
0,0.000000,mhwill,ajsega,False
0,0.000000,mhwill,ajsega,False
0,0.000000,mhwill,ajsega,False
0,0.000000,mhwill,ajsega,False
0,0.000000,mhwill,ajsega,False
0,0.000000,mhwill,ajsega,False
0,0.000000,miaduc,rrowle,False
0,0.000000,miaduc,rrowle,False
0,0.000000,miaduc,ajsega,False
0,0.000000,miaduc,rrowle,False
0,0.000000,miaduc,rrowle,False
0,0.000000,miaduc,9338462,False
0,0.000000,miaduc,rrowle,False
0,0.000000,miaduc,rrowle,False
0,0.000000,miaduc,rrowle,False
0,0.000000,miaduc,rrowle,False
0,0.000000,miaduc,rrowle,False
0,0.000000,miaduc,rrowle,False
0,0.000000,miaduc,rrowle,False
0,0.000000,miaduc,rrowle,False
0,0.000000,miaduc,rrowle,False
0,0.000000,miaduc,rrowle,False
0,0.000000,miaduc,rrowle,False
0,0.000000,miaduc,rrowle,False
0,0.000000,miaduc,rrowle,False
0,0.000000,mjhans,gjnorm,False
0,0.000000,mjhans,gjnorm,False
0,0.000000,mjhans,gjnorm,False
0,0.000000,mjhans,gjnorm,False
0,0.000000,mjhans,gjnorm,False
0,0.000000,mjhans,gjnorm,False
0,0.000000,mjhans,gjnorm,False
0,0.000000,mjhans,gjnorm,False
0,0.000000,mjhans,gjnorm,False
0,0.000000,mjhans,gjnorm,False
0,0.000000,mjhans,gjnorm,False
0,0.000000,mjhans,gjnorm,False
0,0.000000,mjhans,gjnorm,False
0,0.000000,mjhans,gjnorm,False
0,0.000000,mjhans,gjnorm,False
0,0.000000,mjhans,gjnorm,False
0,0.000000,mjhans,gjnorm,False
0,0.000000,mjhans,gjnorm,False
0,0.000000,mjhans,gjnorm,False
0,0.000000,mpetti,9338462,False
0,0.000000,mpetti,9338462,False
0,0.000000,mpetti,9338462,False
0,0.000000,mpetti,cshubb,False
0,0.000000,mpetti,9338462,False
0,0.000000,mpetti,cshubb,False
0,0.000000,mpetti,9338462,False
0,0.000000,mpetti,cshubb,False
0,0.000000,mpetti,9338462,False
0,0.000000,mpetti,9338462,False
0,0.000000,mpetti,9338462,False
0,0.000000,mpetti,cshubb,False
0,0.000000,mpetti,9338462,False
0,0.000000,mpetti,cshubb,False
0,0.000000,mpetti,9338462,False
0,0.000000,mpetti,cshubb,False
0,0.000000,mpetti,cshubb,False
0,0.000000,mpetti,cshubb,False
0,0.000000,mpetti,cshubb,False
0,0.000000,muthay,9338497,False
0,0.000000,muthay,9338497,False
0,0.000000,muthay,9338497,False
0,0.000000,muthay,9338497,False
0,0.000000,muthay,9338497,False
0,0.000000,muthay,9338497,False
0,0.000000,muthay,9338497,False
0,0.000000,muthay,9338497,False
0,0.000000,muthay,9338497,False
0,0.000000,muthay,9338497,False
0,0.000000,muthay,9338497,False
0,0.000000,muthay,9338497,False
0,0.000000,muthay,9338497,False
0,0.000000,muthay,9338497,False
0,0.000000,muthay,9338497,False
0,0.000000,muthay,9338497,False
0,0.000000,muthay,9338497,False
0,0.000000,muthay,9338497,False
0,0.000000,muthay,9338497,False
0,0.000000,nahaig,9338497,False
0,0.000000,nahaig,gjhero,False
0,0.000000,nahaig,9338497,False
0,0.000000,nahaig,9338527,False
0,0.000000,nahaig,9338527,False
0,0.000000,nahaig,gjhero,False
0,0.000000,nahaig,gjhero,False
0,0.000000,nahaig,9338497,False
0,0.000000,nahaig,gjhero,False
0,0.000000,nahaig,gjhero,False
0,0.000000,nahaig,gjhero,False
0,0.000000,nahaig,9338497,False
0,0.000000,nahaig,9338527,False
0,0.000000,nahaig,gjhero,False
0,0.000000,nahaig,gjhero,False
0,0.000000,nahaig,9338527,False
0,0.000000,nahaig,ajsega,False
0,0.000000,nahaig,gjhero,False
0,0.000000,nahaig,gjhero,False
0,0.000000,namull,jlemon,False
0,0.000000,namull,jlemon,False
0,0.000000,namull,jlemon,False
0,0.000000,namull,jlemon,False
0,0.000000,namull,swsmit,False
0,0.000000,namull,swsmit,False
0,0.000000,namull,jlemon,False
0,0.000000,namull,jlemon,False
0,0.000000,namull,swsmit,False
0,0.000000,namull,swsmit,False
0,0.000000,namull,swsmit,False
0,0.000000,namull,jlemon,False
0,0.000000,namull,jlemon,False
0,0.000000,namull,swsmit,False
0,0.000000,namull,gjhero,False
0,0.000000,namull,gjhero,False
0,0.000000,namull,gjhero,False
0,0.000000,namull,swsmit,False
0,0.000000,namull,jlemon,False
0,0.000000,ndbank,jrtobi,False
0,0.000000,ndbank,jrtobi,False
0,0.000000,ndbank,jrtobi,False
0,0.000000,ndbank,jrtobi,False
0,0.000000,ndbank,jrtobi,False
0,0.000000,ndbank,jrtobi,False
0,0.000000,ndbank,jrtobi,False
0,0.000000,ndbank,jrtobi,False
0,0.000000,ndbank,jrtobi,False
0,0.000000,ndbank,jrtobi,False
0,0.000000,ndbank,jrtobi,False
0,0.000000,ndbank,jrtobi,False
0,0.000000,ndbank,jrtobi,False
0,0.000000,ndbank,jrtobi,False
0,0.000000,ndbank,jrtobi,False
0,0.000000,ndbank,jrtobi,False
0,0.000000,ndbank,jrtobi,False
0,0.000000,ndbank,jrtobi,False
0,0.000000,ndbank,jrtobi,False
0,0.000000,ndhagu,9338462,False
0,0.000000,ndhagu,9338462,False
0,0.000000,ndhagu,9338462,False
0,0.000000,ndhagu,9338462,False
0,0.000000,ndhagu,9338462,False
0,0.000000,ndhagu,9338462,False
0,0.000000,ndhagu,9338462,False
0,0.000000,ndhagu,9338462,False
0,0.000000,ndhagu,9338462,False
0,0.000000,ndhagu,jrtobi,False
0,0.000000,ndhagu,nrclar,False
0,0.000000,ndhagu,9338462,False
0,0.000000,ndhagu,9338462,False
0,0.000000,ndhagu,9338462,False
0,0.000000,ndhagu,9338462,False
0,0.000000,ndhagu,9338462,False
0,0.000000,ndhagu,9338462,False
0,0.000000,ndhagu,9338462,False
0,0.000000,ndhagu,9338462,False
0,0.000000,nhrams,gjnorm,False
0,0.000000,nhrams,gjnorm,False
0,0.000000,nhrams,gjnorm,False
0,0.000000,nhrams,gjnorm,False
0,0.000000,nhrams,gjnorm,False
0,0.000000,nhrams,gjnorm,False
0,0.000000,nhrams,gjnorm,False
0,0.000000,nhrams,gjnorm,False
0,0.000000,nhrams,gjnorm,False
0,0.000000,nhrams,gjnorm,False
0,0.000000,nhrams,gjnorm,False
0,0.000000,nhrams,gjnorm,False
0,0.000000,nhrams,gjnorm,False
0,0.000000,nhrams,gjnorm,False
0,0.000000,nhrams,gjnorm,False
0,0.000000,nhrams,gjnorm,False
0,0.000000,nhrams,gjnorm,False
0,0.000000,nhrams,gjnorm,False
0,0.000000,nhrams,gjnorm,False
0,0.000000,njmoor,9338519,False
0,0.000000,njmoor,cgboyc,False
0,0.000000,njmoor,nrclar,False
0,0.000000,njmoor,9338519,False
0,0.000000,njmoor,nrclar,False
0,0.000000,njmoor,nrclar,False
0,0.000000,njmoor,nrclar,False
0,0.000000,njmoor,9338519,False
0,0.000000,njmoor,9338519,False
0,0.000000,njmoor,9338519,False
0,0.000000,njmoor,nrclar,False
0,0.000000,njmoor,9338519,False
0,0.000000,njmoor,9338519,False
0,0.000000,njmoor,9338519,False
0,0.000000,njmoor,9338519,False
0,0.000000,njmoor,9338519,False
0,0.000000,njmoor,9338519,False
0,0.000000,njmoor,9338519,False
0,0.000000,njmoor,9338519,False
0,0.000000,npbour,cshubb,False
0,0.000000,npbour,cshubb,False
0,0.000000,npbour,cshubb,False
0,0.000000,npbour,cshubb,False
0,0.000000,npbour,cshubb,False
0,0.000000,npbour,cshubb,False
0,0.000000,npbour,cshubb,False
0,0.000000,npbour,cshubb,False
0,0.000000,npbour,cshubb,False
0,0.000000,npbour,cshubb,False
0,0.000000,npbour,cshubb,False
0,0.000000,npbour,cshubb,False
0,0.000000,npbour,cshubb,False
0,0.000000,npbour,cshubb,False
0,0.000000,npbour,cshubb,False
0,0.000000,npbour,cshubb,False
0,0.000000,npbour,cshubb,False
0,0.000000,npbour,cshubb,False
0,0.000000,npbour,cshubb,False
0,0.000000,npmitc,swsmit,False
0,0.000000,npmitc,swsmit,False
0,0.000000,npmitc,swsmit,False
0,0.000000,npmitc,swsmit,False
0,0.000000,npmitc,swsmit,False
0,0.000000,npmitc,swsmit,False
0,0.000000,npmitc,swsmit,False
0,0.000000,npmitc,swsmit,False
0,0.000000,npmitc,swsmit,False
0,0.000000,npmitc,swsmit,False
0,0.000000,npmitc,swsmit,False
0,0.000000,npmitc,swsmit,False
0,0.000000,npmitc,swsmit,False
0,0.000000,npmitc,swsmit,False
0,0.000000,npmitc,swsmit,False
0,0.000000,npmitc,swsmit,False
0,0.000000,npmitc,swsmit,False
0,0.000000,npmitc,swsmit,False
0,0.000000,npmitc,swsmit,False
1,0.000000,nrclar,nrclar,True
1,0.000000,nrclar,nrclar,True
1,0.000000,nrclar,nrclar,True
1,0.000000,nrclar,nrclar,True
1,0.000000,nrclar,nrclar,True
1,0.000000,nrclar,nrclar,True
1,0.000000,nrclar,nrclar,True
1,0.000000,nrclar,nrclar,True
1,0.000000,nrclar,nrclar,True
1,0.000000,nrclar,nrclar,True
1,0.000000,nrclar,nrclar,True
1,0.000000,nrclar,nrclar,True
1,0.000000,nrclar,nrclar,True
1,0.000000,nrclar,nrclar,True
1,0.000000,nrclar,nrclar,True
1,0.000000,nrclar,nrclar,True
1,0.000000,nrclar,nrclar,True
1,0.000000,nrclar,nrclar,True
1,0.000000,nrclar,nrclar,True
0,0.000000,nrrbar,ajsega,False
0,0.000000,nrrbar,9338497,False
0,0.000000,nrrbar,ajsega,False
0,0.000000,nrrbar,9338497,False
0,0.000000,nrrbar,9338497,False
0,0.000000,nrrbar,gjhero,False
0,0.000000,nrrbar,gjhero,False
0,0.000000,nrrbar,9338497,False
0,0.000000,nrrbar,9338497,False
0,0.000000,nrrbar,9338497,False
0,0.000000,nrrbar,9338497,False
0,0.000000,nrrbar,9338497,False
0,0.000000,nrrbar,9338497,False
0,0.000000,nrrbar,9338497,False
0,0.000000,nrrbar,9338497,False
0,0.000000,nrrbar,9338497,False
0,0.000000,nrrbar,9338497,False
0,0.000000,nrrbar,9338497,False
0,0.000000,nrrbar,9338497,False
0,0.000000,nwilli,rrowle,False
0,0.000000,nwilli,cshubb,False
0,0.000000,nwilli,nrclar,False
0,0.000000,nwilli,cshubb,False
0,0.000000,nwilli,cgboyc,False
0,0.000000,nwilli,cshubb,False
0,0.000000,nwilli,cgboyc,False
0,0.000000,nwilli,cgboyc,False
0,0.000000,nwilli,cshubb,False
0,0.000000,nwilli,cshubb,False
0,0.000000,nwilli,cgboyc,False
0,0.000000,nwilli,cshubb,False
0,0.000000,nwilli,cshubb,False
0,0.000000,nwilli,cshubb,False
0,0.000000,nwilli,cshubb,False
0,0.000000,nwilli,rrowle,False
0,0.000000,nwilli,cshubb,False
0,0.000000,nwilli,cshubb,False
0,0.000000,nwilli,cgboyc,False
0,0.000000,ohpark,9338497,False
0,0.000000,ohpark,9338497,False
0,0.000000,ohpark,9338497,False
0,0.000000,ohpark,9338497,False
0,0.000000,ohpark,9338497,False
0,0.000000,ohpark,9338497,False
0,0.000000,ohpark,9338497,False
0,0.000000,ohpark,9338497,False
0,0.000000,ohpark,9338497,False
0,0.000000,ohpark,9338497,False
0,0.000000,ohpark,9338497,False
0,0.000000,ohpark,9338497,False
0,0.000000,ohpark,9338497,False
0,0.000000,ohpark,9338497,False
0,0.000000,ohpark,9338497,False
0,0.000000,ohpark,9338497,False
0,0.000000,ohpark,9338497,False
0,0.000000,ohpark,9338497,False
0,0.000000,ohpark,9338497,False
0,0.000000,pacole,rrowle,False
0,0.000000,pacole,rrowle,False
0,0.000000,pacole,rrowle,False
0,0.000000,pacole,rrowle,False
0,0.000000,pacole,rrowle,False
0,0.000000,pacole,rrowle,False
0,0.000000,pacole,rrowle,False
0,0.000000,pacole,rrowle,False
0,0.000000,pacole,rrowle,False
0,0.000000,pacole,rrowle,False
0,0.000000,pacole,rrowle,False
0,0.000000,pacole,rrowle,False
0,0.000000,pacole,rrowle,False
0,0.000000,pacole,rrowle,False
0,0.000000,pacole,rrowle,False
0,0.000000,pacole,rrowle,False
0,0.000000,pacole,rrowle,False
0,0.000000,pacole,rrowle,False
0,0.000000,pacole,rrowle,False
0,0.000000,pmives,rrowle,False
0,0.000000,pmives,rrowle,False
0,0.000000,pmives,rrowle,False
0,0.000000,pmives,rrowle,False
0,0.000000,pmives,rrowle,False
0,0.000000,pmives,rrowle,False
0,0.000000,pmives,rrowle,False
0,0.000000,pmives,rrowle,False
0,0.000000,pmives,rrowle,False
0,0.000000,pmives,rrowle,False
0,0.000000,pmives,rrowle,False
0,0.000000,pmives,cshubb,False
0,0.000000,pmives,rrowle,False
0,0.000000,pmives,rrowle,False
0,0.000000,pmives,rrowle,False
0,0.000000,pmives,cshubb,False
0,0.000000,pmives,rrowle,False
0,0.000000,pmives,rrowle,False
0,0.000000,pmives,rrowle,False
0,0.000000,pshurr,cshubb,False
0,0.000000,pshurr,cshubb,False
0,0.000000,pshurr,cshubb,False
0,0.000000,pshurr,cshubb,False
0,0.000000,pshurr,cshubb,False
0,0.000000,pshurr,cshubb,False
0,0.000000,pshurr,cshubb,False
0,0.000000,pshurr,cshubb,False
0,0.000000,pshurr,cshubb,False
0,0.000000,pshurr,cshubb,False
0,0.000000,pshurr,9338519,False
0,0.000000,pshurr,cshubb,False
0,0.000000,pshurr,cshubb,False
0,0.000000,pshurr,cshubb,False
0,0.000000,pshurr,cshubb,False
0,0.000000,pshurr,cshubb,False
0,0.000000,pshurr,cshubb,False
0,0.000000,pshurr,cshubb,False
0,0.000000,pshurr,cshubb,False
0,0.000000,pspliu,9338497,False
0,0.000000,pspliu,cshubb,False
0,0.000000,pspliu,cshubb,False
0,0.000000,pspliu,jrtobi,False
0,0.000000,pspliu,cshubb,False
0,0.000000,pspliu,9338497,False
0,0.000000,pspliu,9338497,False
0,0.000000,pspliu,9338497,False
0,0.000000,pspliu,9338497,False
0,0.000000,pspliu,9338497,False
0,0.000000,pspliu,9338497,False
0,0.000000,pspliu,cshubb,False
0,0.000000,pspliu,cshubb,False
0,0.000000,pspliu,ajsega,False
0,0.000000,pspliu,cshubb,False
0,0.000000,pspliu,cshubb,False
0,0.000000,pspliu,9338497,False
0,0.000000,pspliu,9338497,False
0,0.000000,pspliu,cshubb,False
0,0.000000,ptnich,cshubb,False
0,0.000000,ptnich,cshubb,False
0,0.000000,ptnich,cshubb,False
0,0.000000,ptnich,cshubb,False
0,0.000000,ptnich,cshubb,False
0,0.000000,ptnich,cshubb,False
0,0.000000,ptnich,cshubb,False
0,0.000000,ptnich,cshubb,False
0,0.000000,ptnich,cshubb,False
0,0.000000,ptnich,cshubb,False
0,0.000000,ptnich,cshubb,False
0,0.000000,ptnich,cshubb,False
0,0.000000,ptnich,cshubb,False
0,0.000000,ptnich,cshubb,False
0,0.000000,ptnich,cshubb,False
0,0.000000,ptnich,cshubb,False
0,0.000000,ptnich,cshubb,False
0,0.000000,ptnich,cshubb,False
0,0.000000,ptnich,cshubb,False
0,0.000000,rarobi,cshubb,False
0,0.000000,rarobi,cshubb,False
0,0.000000,rarobi,cshubb,False
0,0.000000,rarobi,cshubb,False
0,0.000000,rarobi,cshubb,False
0,0.000000,rarobi,cshubb,False
0,0.000000,rarobi,cshubb,False
0,0.000000,rarobi,cshubb,False
0,0.000000,rarobi,cshubb,False
0,0.000000,rarobi,cshubb,False
0,0.000000,rarobi,cshubb,False
0,0.000000,rarobi,cshubb,False
0,0.000000,rarobi,cshubb,False
0,0.000000,rarobi,cshubb,False
0,0.000000,rarobi,cshubb,False
0,0.000000,rarobi,cshubb,False
0,0.000000,rarobi,cshubb,False
0,0.000000,rarobi,cshubb,False
0,0.000000,rarobi,cshubb,False
0,0.000000,rgharr,swsmit,False
0,0.000000,rgharr,swsmit,False
0,0.000000,rgharr,swsmit,False
0,0.000000,rgharr,swsmit,False
0,0.000000,rgharr,ajsega,False
0,0.000000,rgharr,swsmit,False
0,0.000000,rgharr,swsmit,False
0,0.000000,rgharr,swsmit,False
0,0.000000,rgharr,swsmit,False
0,0.000000,rgharr,swsmit,False
0,0.000000,rgharr,swsmit,False
0,0.000000,rgharr,ajsega,False
0,0.000000,rgharr,ajsega,False
0,0.000000,rgharr,9338527,False
0,0.000000,rgharr,9338527,False
0,0.000000,rgharr,swsmit,False
0,0.000000,rgharr,swsmit,False
0,0.000000,rgharr,swsmit,False
0,0.000000,rgharr,swsmit,False
0,0.000000,rgspru,jrtobi,False
0,0.000000,rgspru,swsmit,False
0,0.000000,rgspru,jrtobi,False
0,0.000000,rgspru,jrtobi,False
0,0.000000,rgspru,jrtobi,False
0,0.000000,rgspru,jrtobi,False
0,0.000000,rgspru,jrtobi,False
0,0.000000,rgspru,jrtobi,False
0,0.000000,rgspru,jrtobi,False
0,0.000000,rgspru,jrtobi,False
0,0.000000,rgspru,jrtobi,False
0,0.000000,rgspru,jrtobi,False
0,0.000000,rgspru,jrtobi,False
0,0.000000,rgspru,jrtobi,False
0,0.000000,rgspru,jrtobi,False
0,0.000000,rgspru,jrtobi,False
0,0.000000,rgspru,jrtobi,False
0,0.000000,rgspru,jrtobi,False
0,0.000000,rgspru,jrtobi,False
0,0.000000,rjlabr,9338497,False
0,0.000000,rjlabr,9338497,False
0,0.000000,rjlabr,9338497,False
0,0.000000,rjlabr,9338497,False
0,0.000000,rjlabr,9338497,False
0,0.000000,rjlabr,swsmit,False
0,0.000000,rjlabr,9338497,False
0,0.000000,rjlabr,9338497,False
0,0.000000,rjlabr,9338497,False
0,0.000000,rjlabr,9338497,False
0,0.000000,rjlabr,9338497,False
0,0.000000,rjlabr,swsmit,False
0,0.000000,rjlabr,swsmit,False
0,0.000000,rjlabr,9338497,False
0,0.000000,rjlabr,9338497,False
0,0.000000,rjlabr,9338497,False
0,0.000000,rjlabr,9338497,False
0,0.000000,rjlabr,9338497,False
0,0.000000,rjlabr,9338497,False
0,0.000000,rlocke,cshubb,False
0,0.000000,rlocke,cshubb,False
0,0.000000,rlocke,cshubb,False
0,0.000000,rlocke,cshubb,False
0,0.000000,rlocke,cshubb,False
0,0.000000,rlocke,cshubb,False
0,0.000000,rlocke,cshubb,False
0,0.000000,rlocke,cshubb,False
0,0.000000,rlocke,cshubb,False
0,0.000000,rlocke,cshubb,False
0,0.000000,rlocke,cshubb,False
0,0.000000,rlocke,cshubb,False
0,0.000000,rlocke,cshubb,False
0,0.000000,rlocke,cshubb,False
0,0.000000,rlocke,cshubb,False
0,0.000000,rlocke,cshubb,False
0,0.000000,rlocke,cshubb,False
0,0.000000,rlocke,cshubb,False
0,0.000000,rlocke,cshubb,False
0,0.000000,rmcoll,gjnorm,False
0,0.000000,rmcoll,gjnorm,False
0,0.000000,rmcoll,gjnorm,False
0,0.000000,rmcoll,gjnorm,False
0,0.000000,rmcoll,nrclar,False
0,0.000000,rmcoll,gjnorm,False
0,0.000000,rmcoll,gjnorm,False
0,0.000000,rmcoll,gjnorm,False
0,0.000000,rmcoll,gjnorm,False
0,0.000000,rmcoll,nrclar,False
0,0.000000,rmcoll,gjnorm,False
0,0.000000,rmcoll,gjnorm,False
0,0.000000,rmcoll,gjnorm,False
0,0.000000,rmcoll,gjnorm,False
0,0.000000,rmcoll,gjnorm,False
0,0.000000,rmcoll,gjnorm,False
0,0.000000,rmcoll,gjnorm,False
0,0.000000,rmcoll,gjnorm,False
0,0.000000,rmcoll,gjnorm,False
0,0.000000,rmpugh,gjhero,False
0,0.000000,rmpugh,jrtobi,False
0,0.000000,rmpugh,gjhero,False
0,0.000000,rmpugh,gjhero,False
0,0.000000,rmpugh,gjhero,False
0,0.000000,rmpugh,gjhero,False
0,0.000000,rmpugh,gjhero,False
0,0.000000,rmpugh,gjhero,False
0,0.000000,rmpugh,gjhero,False
0,0.000000,rmpugh,gjhero,False
0,0.000000,rmpugh,gjhero,False
0,0.000000,rmpugh,gjhero,False
0,0.000000,rmpugh,gjhero,False
0,0.000000,rmpugh,gjhero,False
0,0.000000,rmpugh,gjhero,False
0,0.000000,rmpugh,gjhero,False
0,0.000000,rmpugh,gjhero,False
0,0.000000,rmpugh,gjhero,False
0,0.000000,rmpugh,gjhero,False
0,0.000000,rnpwil,nrclar,False
0,0.000000,rnpwil,nrclar,False
0,0.000000,rnpwil,nrclar,False
0,0.000000,rnpwil,nrclar,False
0,0.000000,rnpwil,nrclar,False
0,0.000000,rnpwil,nrclar,False
0,0.000000,rnpwil,nrclar,False
0,0.000000,rnpwil,nrclar,False
0,0.000000,rnpwil,rrowle,False
0,0.000000,rnpwil,swsmit,False
0,0.000000,rnpwil,swsmit,False
0,0.000000,rnpwil,nrclar,False
0,0.000000,rnpwil,nrclar,False
0,0.000000,rnpwil,nrclar,False
0,0.000000,rnpwil,rrowle,False
0,0.000000,rnpwil,rrowle,False
0,0.000000,rnpwil,nrclar,False
0,0.000000,rnpwil,nrclar,False
0,0.000000,rnpwil,nrclar,False
1,0.000000,rrowle,rrowle,True
1,0.000000,rrowle,rrowle,True
1,0.000000,rrowle,rrowle,True
1,0.000000,rrowle,rrowle,True
1,0.000000,rrowle,rrowle,True
1,0.000000,rrowle,rrowle,True
1,0.000000,rrowle,rrowle,True
1,0.000000,rrowle,rrowle,True
1,0.000000,rrowle,rrowle,True
1,0.000000,rrowle,rrowle,True
1,0.000000,rrowle,rrowle,True
1,0.000000,rrowle,rrowle,True
1,0.000000,rrowle,rrowle,True
1,0.000000,rrowle,rrowle,True
1,0.000000,rrowle,rrowle,True
1,0.000000,rrowle,rrowle,True
1,0.000000,rrowle,rrowle,True
1,0.000000,rrowle,rrowle,True
1,0.000000,rrowle,rrowle,True
0,0.000000,rsanti,cshubb,False
0,0.000000,rsanti,cshubb,False
0,0.000000,rsanti,cshubb,False
0,0.000000,rsanti,cshubb,False
0,0.000000,rsanti,cshubb,False
0,0.000000,rsanti,nrclar,False
0,0.000000,rsanti,cshubb,False
0,0.000000,rsanti,nrclar,False
0,0.000000,rsanti,cshubb,False
0,0.000000,rsanti,nrclar,False
0,0.000000,rsanti,cshubb,False
0,0.000000,rsanti,nrclar,False
0,0.000000,rsanti,nrclar,False
0,0.000000,rsanti,nrclar,False
0,0.000000,rsanti,nrclar,False
0,0.000000,rsanti,cshubb,False
0,0.000000,rsanti,cshubb,False
0,0.000000,rsanti,cshubb,False
0,0.000000,rsanti,cshubb,False
0,0.000000,saduah,9338519,False
0,0.000000,saduah,9338519,False
0,0.000000,saduah,9338519,False
0,0.000000,saduah,9338519,False
0,0.000000,saduah,9338519,False
0,0.000000,saduah,9338519,False
0,0.000000,saduah,9338519,False
0,0.000000,saduah,9338519,False
0,0.000000,saduah,9338519,False
0,0.000000,saduah,9338519,False
0,0.000000,saduah,9338519,False
0,0.000000,saduah,9338519,False
0,0.000000,saduah,9338519,False
0,0.000000,saduah,9338519,False
0,0.000000,saduah,9338519,False
0,0.000000,saduah,9338519,False
0,0.000000,saduah,9338519,False
0,0.000000,saduah,9338519,False
0,0.000000,saduah,9338519,False
0,0.000000,saedwa,swsmit,False
0,0.000000,saedwa,swsmit,False
0,0.000000,saedwa,swsmit,False
0,0.000000,saedwa,swsmit,False
0,0.000000,saedwa,swsmit,False
0,0.000000,saedwa,swsmit,False
0,0.000000,saedwa,swsmit,False
0,0.000000,saedwa,swsmit,False
0,0.000000,saedwa,swsmit,False
0,0.000000,saedwa,swsmit,False
0,0.000000,saedwa,swsmit,False
0,0.000000,saedwa,swsmit,False
0,0.000000,saedwa,swsmit,False
0,0.000000,saedwa,swsmit,False
0,0.000000,saedwa,swsmit,False
0,0.000000,saedwa,swsmit,False
0,0.000000,saedwa,swsmit,False
0,0.000000,saedwa,swsmit,False
0,0.000000,saedwa,swsmit,False
0,0.000000,sidick,jrtobi,False
0,0.000000,sidick,jrtobi,False
0,0.000000,sidick,jrtobi,False
0,0.000000,sidick,jrtobi,False
0,0.000000,sidick,jrtobi,False
0,0.000000,sidick,jrtobi,False
0,0.000000,sidick,jrtobi,False
0,0.000000,sidick,jrtobi,False
0,0.000000,sidick,jrtobi,False
0,0.000000,sidick,jrtobi,False
0,0.000000,sidick,jrtobi,False
0,0.000000,sidick,jrtobi,False
0,0.000000,sidick,jrtobi,False
0,0.000000,sidick,jrtobi,False
0,0.000000,sidick,jrtobi,False
0,0.000000,sidick,jrtobi,False
0,0.000000,sidick,jrtobi,False
0,0.000000,sidick,jrtobi,False
0,0.000000,sidick,jrtobi,False
0,0.000000,sjbeck,rrowle,False
0,0.000000,sjbeck,rrowle,False
0,0.000000,sjbeck,rrowle,False
0,0.000000,sjbeck,rrowle,False
0,0.000000,sjbeck,rrowle,False
0,0.000000,sjbeck,9338462,False
0,0.000000,sjbeck,9338462,False
0,0.000000,sjbeck,rrowle,False
0,0.000000,sjbeck,rrowle,False
0,0.000000,sjbeck,9338462,False
0,0.000000,sjbeck,cshubb,False
0,0.000000,sjbeck,rrowle,False
0,0.000000,sjbeck,rrowle,False
0,0.000000,sjbeck,rrowle,False
0,0.000000,sjbeck,rrowle,False
0,0.000000,sjbeck,rrowle,False
0,0.000000,sjbeck,rrowle,False
0,0.000000,sjbeck,rrowle,False
0,0.000000,sjbeck,rrowle,False
0,0.000000,skumar,nrclar,False
0,0.000000,skumar,cshubb,False
0,0.000000,skumar,9338527,False
0,0.000000,skumar,9338527,False
0,0.000000,skumar,9338527,False
0,0.000000,skumar,cshubb,False
0,0.000000,skumar,9338527,False
0,0.000000,skumar,cshubb,False
0,0.000000,skumar,9338527,False
0,0.000000,skumar,9338527,False
0,0.000000,skumar,9338527,False
0,0.000000,skumar,cshubb,False
0,0.000000,skumar,9338462,False
0,0.000000,skumar,nrclar,False
0,0.000000,skumar,nrclar,False
0,0.000000,skumar,nrclar,False
0,0.000000,skumar,cshubb,False
0,0.000000,skumar,9338527,False
0,0.000000,skumar,9338497,False
0,0.000000,smrobb,cshubb,False
0,0.000000,smrobb,gjnorm,False
0,0.000000,smrobb,gjnorm,False
0,0.000000,smrobb,gjnorm,False
0,0.000000,smrobb,gjnorm,False
0,0.000000,smrobb,ajsega,False
0,0.000000,smrobb,ajsega,False
0,0.000000,smrobb,ajsega,False
0,0.000000,smrobb,ajsega,False
0,0.000000,smrobb,ajsega,False
0,0.000000,smrobb,ajsega,False
0,0.000000,smrobb,ajsega,False
0,0.000000,smrobb,ajsega,False
0,0.000000,smrobb,gjnorm,False
0,0.000000,smrobb,ajsega,False
0,0.000000,smrobb,ajsega,False
0,0.000000,smrobb,ajsega,False
0,0.000000,smrobb,ajsega,False
0,0.000000,smrobb,ajsega,False
0,0.000000,spletc,jlemon,False
0,0.000000,spletc,jlemon,False
0,0.000000,spletc,swsmit,False
0,0.000000,spletc,swsmit,False
0,0.000000,spletc,swsmit,False
0,0.000000,spletc,swsmit,False
0,0.000000,spletc,swsmit,False
0,0.000000,spletc,swsmit,False
0,0.000000,spletc,jrtobi,False
0,0.000000,spletc,jrtobi,False
0,0.000000,spletc,jlemon,False
0,0.000000,spletc,jlemon,False
0,0.000000,spletc,jrtobi,False
0,0.000000,spletc,jlemon,False
0,0.000000,spletc,jlemon,False
0,0.000000,spletc,jlemon,False
0,0.000000,spletc,jrtobi,False
0,0.000000,spletc,jlemon,False
0,0.000000,spletc,swsmit,False
0,0.000000,svkriz,cshubb,False
0,0.000000,svkriz,cshubb,False
0,0.000000,svkriz,cshubb,False
0,0.000000,svkriz,cshubb,False
0,0.000000,svkriz,cshubb,False
0,0.000000,svkriz,cshubb,False
0,0.000000,svkriz,cshubb,False
0,0.000000,svkriz,cshubb,False
0,0.000000,svkriz,cshubb,False
0,0.000000,svkriz,cshubb,False
0,0.000000,svkriz,nrclar,False
0,0.000000,svkriz,cshubb,False
0,0.000000,svkriz,cshubb,False
0,0.000000,svkriz,cshubb,False
0,0.000000,svkriz,cshubb,False
0,0.000000,svkriz,cshubb,False
0,0.000000,svkriz,cshubb,False
0,0.000000,svkriz,cshubb,False
0,0.000000,svkriz,cshubb,False
0,0.000000,swewin,jrtobi,False
0,0.000000,swewin,gjnorm,False
0,0.000000,swewin,jrtobi,False
0,0.000000,swewin,jrtobi,False
0,0.000000,swewin,jrtobi,False
0,0.000000,swewin,gjnorm,False
0,0.000000,swewin,gjnorm,False
0,0.000000,swewin,gjnorm,False
0,0.000000,swewin,jrtobi,False
0,0.000000,swewin,gjnorm,False
0,0.000000,swewin,jrtobi,False
0,0.000000,swewin,jrtobi,False
0,0.000000,swewin,jrtobi,False
0,0.000000,swewin,gjnorm,False
0,0.000000,swewin,gjnorm,False
0,0.000000,swewin,gjnorm,False
0,0.000000,swewin,gjnorm,False
0,0.000000,swewin,jrtobi,False
0,0.000000,swewin,gjnorm,False
1,0.000000,swsmit,swsmit,True
1,0.000000,swsmit,swsmit,True
1,0.000000,swsmit,swsmit,True
1,0.000000,swsmit,swsmit,True
1,0.000000,swsmit,swsmit,True
1,0.000000,swsmit,swsmit,True
1,0.000000,swsmit,swsmit,True
1,0.000000,swsmit,swsmit,True
1,0.000000,swsmit,swsmit,True
1,0.000000,swsmit,swsmit,True
1,0.000000,swsmit,swsmit,True
1,0.000000,swsmit,swsmit,True
1,0.000000,swsmit,swsmit,True
1,0.000000,swsmit,swsmit,True
1,0.000000,swsmit,swsmit,True
1,0.000000,swsmit,swsmit,True
1,0.000000,swsmit,swsmit,True
1,0.000000,swsmit,swsmit,True
1,0.000000,swsmit,swsmit,True
0,0.000000,vpsavo,cshubb,False
0,0.000000,vpsavo,cshubb,False
0,0.000000,vpsavo,cshubb,False
0,0.000000,vpsavo,cshubb,False
0,0.000000,vpsavo,cshubb,False
0,0.000000,vpsavo,cshubb,False
0,0.000000,vpsavo,cshubb,False
0,0.000000,vpsavo,cshubb,False
0,0.000000,vpsavo,cshubb,False
0,0.000000,vpsavo,cshubb,False
0,0.000000,vpsavo,cshubb,False
0,0.000000,vpsavo,cshubb,False
0,0.000000,vpsavo,cshubb,False
0,0.000000,vpsavo,cshubb,False
0,0.000000,vpsavo,cshubb,False
0,0.000000,vpsavo,cshubb,False
0,0.000000,vpsavo,cshubb,False
0,0.000000,vpsavo,cshubb,False
0,0.000000,vpsavo,cshubb,False
0,0.000000,whussa,jrtobi,False
0,0.000000,whussa,jrtobi,False
0,0.000000,whussa,jrtobi,False
0,0.000000,whussa,jrtobi,False
0,0.000000,whussa,jrtobi,False
0,0.000000,whussa,jrtobi,False
0,0.000000,whussa,jrtobi,False
0,0.000000,whussa,jrtobi,False
0,0.000000,whussa,jrtobi,False
0,0.000000,whussa,jrtobi,False
0,0.000000,whussa,jrtobi,False
0,0.000000,whussa,jrtobi,False
0,0.000000,whussa,jrtobi,False
0,0.000000,whussa,jrtobi,False
0,0.000000,whussa,jrtobi,False
0,0.000000,whussa,jrtobi,False
0,0.000000,whussa,jrtobi,False
0,0.000000,whussa,jrtobi,False
0,0.000000,whussa,jrtobi,False
0,0.000000,wjalbe,nrclar,False
0,0.000000,wjalbe,nrclar,False
0,0.000000,wjalbe,cshubb,False
0,0.000000,wjalbe,nrclar,False
0,0.000000,wjalbe,9338497,False
0,0.000000,wjalbe,cshubb,False
0,0.000000,wjalbe,nrclar,False
0,0.000000,wjalbe,nrclar,False
0,0.000000,wjalbe,nrclar,False
0,0.000000,wjalbe,nrclar,False
0,0.000000,wjalbe,9338497,False
0,0.000000,wjalbe,nrclar,False
0,0.000000,wjalbe,nrclar,False
0,0.000000,wjalbe,nrclar,False
0,0.000000,wjalbe,nrclar,False
0,0.000000,wjalbe,nrclar,False
0,0.000000,wjalbe,nrclar,False
0,0.000000,wjalbe,nrclar,False
0,0.000000,wjalbe,nrclar,False
