1,0.000000,9336923,9336923,True
1,0.000000,9336923,9336923,True
1,0.000000,9336923,9336923,True
1,0.000000,9336923,9336923,True
1,0.000000,9336923,9336923,True
1,0.000000,9336923,9336923,True
1,0.000000,9336923,9336923,True
1,0.000000,9336923,9336923,True
1,0.000000,9336923,9336923,True
1,0.000000,9336923,9336923,True
1,0.000000,9336923,9336923,True
1,0.000000,9336923,9336923,True
1,0.000000,9336923,9336923,True
1,0.000000,9336923,9336923,True
1,0.000000,9336923,9336923,True
1,0.000000,9336923,9336923,True
1,0.000000,9336923,9336923,True
1,0.000000,9336923,9336923,True
1,0.000000,9336923,9336923,True
1,0.000000,9336923,9336923,True
1,0.000000,9338535,9338535,True
1,0.000000,9338535,9338535,True
1,0.000000,9338535,9338535,True
1,0.000000,9338535,9338535,True
1,0.000000,9338535,9338535,True
1,0.000000,9338535,9338535,True
1,0.000000,9338535,9338535,True
1,0.000000,9338535,9338535,True
1,0.000000,9338535,9338535,True
1,0.000000,9338535,9338535,True
1,0.000000,9338535,9338535,True
1,0.000000,9338535,9338535,True
1,0.000000,9338535,9338535,True
1,0.000000,9338535,9338535,True
1,0.000000,9338535,9338535,True
1,0.000000,9338535,9338535,True
1,0.000000,9338535,9338535,True
1,0.000000,9338535,9338535,True
1,0.000000,9338535,9338535,True
1,0.000000,9338535,9338535,True
1,0.000000,anpage,anpage,True
1,0.000000,anpage,anpage,True
1,0.000000,anpage,anpage,True
1,0.000000,anpage,anpage,True
1,0.000000,anpage,anpage,True
1,0.000000,anpage,anpage,True
1,0.000000,anpage,anpage,True
1,0.000000,anpage,anpage,True
1,0.000000,anpage,anpage,True
1,0.000000,anpage,anpage,True
1,0.000000,anpage,anpage,True
1,0.000000,anpage,anpage,True
1,0.000000,anpage,anpage,True
1,0.000000,anpage,anpage,True
1,0.000000,anpage,anpage,True
1,0.000000,anpage,anpage,True
1,0.000000,anpage,anpage,True
1,0.000000,anpage,anpage,True
1,0.000000,anpage,anpage,True
1,0.000000,anpage,anpage,True
1,0.000000,asamma,asamma,True
1,0.000000,asamma,asamma,True
1,0.000000,asamma,asamma,True
1,0.000000,asamma,asamma,True
1,0.000000,asamma,asamma,True
1,0.000000,asamma,asamma,True
1,0.000000,asamma,asamma,True
1,0.000000,asamma,asamma,True
1,0.000000,asamma,asamma,True
1,0.000000,asamma,asamma,True
1,0.000000,asamma,asamma,True
1,0.000000,asamma,asamma,True
1,0.000000,asamma,asamma,True
1,0.000000,asamma,asamma,True
1,0.000000,asamma,asamma,True
1,0.000000,asamma,asamma,True
1,0.000000,asamma,asamma,True
1,0.000000,asamma,asamma,True
1,0.000000,asamma,asamma,True
1,0.000000,asamma,asamma,True
1,0.000000,asewil,asewil,True
1,0.000000,asewil,asewil,True
1,0.000000,asewil,asewil,True
1,0.000000,asewil,asewil,True
1,0.000000,asewil,asewil,True
1,0.000000,asewil,asewil,True
1,0.000000,asewil,asewil,True
1,0.000000,asewil,asewil,True
1,0.000000,asewil,asewil,True
1,0.000000,asewil,asewil,True
1,0.000000,asewil,asewil,True
1,0.000000,asewil,asewil,True
1,0.000000,asewil,asewil,True
1,0.000000,asewil,asewil,True
1,0.000000,asewil,asewil,True
1,0.000000,asewil,asewil,True
1,0.000000,asewil,asewil,True
1,0.000000,asewil,asewil,True
1,0.000000,asewil,asewil,True
1,0.000000,asewil,asewil,True
1,0.000000,astefa,astefa,True
1,0.000000,astefa,astefa,True
1,0.000000,astefa,astefa,True
1,0.000000,astefa,astefa,True
1,0.000000,astefa,astefa,True
1,0.000000,astefa,astefa,True
1,0.000000,astefa,astefa,True
1,0.000000,astefa,astefa,True
1,0.000000,astefa,astefa,True
1,0.000000,astefa,astefa,True
1,0.000000,astefa,astefa,True
1,0.000000,astefa,astefa,True
1,0.000000,astefa,astefa,True
1,0.000000,astefa,astefa,True
1,0.000000,astefa,astefa,True
1,0.000000,astefa,astefa,True
1,0.000000,astefa,astefa,True
1,0.000000,astefa,astefa,True
1,0.000000,astefa,astefa,True
1,0.000000,astefa,astefa,True
1,0.000000,drbost,drbost,True
1,0.000000,drbost,drbost,True
1,0.000000,drbost,drbost,True
1,0.000000,drbost,drbost,True
1,0.000000,drbost,drbost,True
1,0.000000,drbost,drbost,True
1,0.000000,drbost,drbost,True
1,0.000000,drbost,drbost,True
1,0.000000,drbost,drbost,True
1,0.000000,drbost,drbost,True
1,0.000000,drbost,drbost,True
1,0.000000,drbost,drbost,True
1,0.000000,drbost,drbost,True
1,0.000000,drbost,drbost,True
1,0.000000,drbost,drbost,True
1,0.000000,drbost,drbost,True
1,0.000000,drbost,drbost,True
1,0.000000,drbost,drbost,True
1,0.000000,drbost,drbost,True
1,0.000000,drbost,drbost,True
1,0.000000,ekavaz,ekavaz,True
1,0.000000,ekavaz,ekavaz,True
1,0.000000,ekavaz,ekavaz,True
1,0.000000,ekavaz,ekavaz,True
1,0.000000,ekavaz,ekavaz,True
1,0.000000,ekavaz,ekavaz,True
1,0.000000,ekavaz,ekavaz,True
1,0.000000,ekavaz,ekavaz,True
1,0.000000,ekavaz,ekavaz,True
1,0.000000,ekavaz,ekavaz,True
0,0.000000,ekavaz,slbirc,False
1,0.000000,ekavaz,ekavaz,True
1,0.000000,ekavaz,ekavaz,True
1,0.000000,ekavaz,ekavaz,True
1,0.000000,ekavaz,ekavaz,True
1,0.000000,ekavaz,ekavaz,True
1,0.000000,ekavaz,ekavaz,True
1,0.000000,ekavaz,ekavaz,True
1,0.000000,ekavaz,ekavaz,True
1,0.000000,ekavaz,ekavaz,True
1,0.000000,elduns,elduns,True
1,0.000000,elduns,elduns,True
1,0.000000,elduns,elduns,True
1,0.000000,elduns,elduns,True
1,0.000000,elduns,elduns,True
1,0.000000,elduns,elduns,True
1,0.000000,elduns,elduns,True
1,0.000000,elduns,elduns,True
1,0.000000,elduns,elduns,True
1,0.000000,elduns,elduns,True
1,0.000000,elduns,elduns,True
1,0.000000,elduns,elduns,True
1,0.000000,elduns,elduns,True
1,0.000000,elduns,elduns,True
1,0.000000,elduns,elduns,True
1,0.000000,elduns,elduns,True
1,0.000000,elduns,elduns,True
1,0.000000,elduns,elduns,True
1,0.000000,elduns,elduns,True
1,0.000000,elduns,elduns,True
1,0.000000,kaknig,kaknig,True
1,0.000000,kaknig,kaknig,True
1,0.000000,kaknig,kaknig,True
1,0.000000,kaknig,kaknig,True
1,0.000000,kaknig,kaknig,True
1,0.000000,kaknig,kaknig,True
1,0.000000,kaknig,kaknig,True
1,0.000000,kaknig,kaknig,True
1,0.000000,kaknig,kaknig,True
1,0.000000,kaknig,kaknig,True
1,0.000000,kaknig,kaknig,True
1,0.000000,kaknig,kaknig,True
1,0.000000,kaknig,kaknig,True
1,0.000000,kaknig,kaknig,True
1,0.000000,kaknig,kaknig,True
1,0.000000,kaknig,kaknig,True
1,0.000000,kaknig,kaknig,True
1,0.000000,kaknig,kaknig,True
1,0.000000,kaknig,kaknig,True
1,0.000000,kaknig,kaknig,True
1,0.000000,klclar,klclar,True
1,0.000000,klclar,klclar,True
1,0.000000,klclar,klclar,True
1,0.000000,klclar,klclar,True
1,0.000000,klclar,klclar,True
1,0.000000,klclar,klclar,True
1,0.000000,klclar,klclar,True
1,0.000000,klclar,klclar,True
0,0.000000,klclar,astefa,False
1,0.000000,klclar,klclar,True
1,0.000000,klclar,klclar,True
1,0.000000,klclar,klclar,True
1,0.000000,klclar,klclar,True
1,0.000000,klclar,klclar,True
1,0.000000,klclar,klclar,True
1,0.000000,klclar,klclar,True
1,0.000000,klclar,klclar,True
1,0.000000,klclar,klclar,True
1,0.000000,klclar,klclar,True
1,0.000000,klclar,klclar,True
1,0.000000,ksunth,ksunth,True
1,0.000000,ksunth,ksunth,True
1,0.000000,ksunth,ksunth,True
1,0.000000,ksunth,ksunth,True
1,0.000000,ksunth,ksunth,True
1,0.000000,ksunth,ksunth,True
1,0.000000,ksunth,ksunth,True
1,0.000000,ksunth,ksunth,True
1,0.000000,ksunth,ksunth,True
1,0.000000,ksunth,ksunth,True
1,0.000000,ksunth,ksunth,True
1,0.000000,ksunth,ksunth,True
1,0.000000,ksunth,ksunth,True
1,0.000000,ksunth,ksunth,True
1,0.000000,ksunth,ksunth,True
1,0.000000,ksunth,ksunth,True
1,0.000000,ksunth,ksunth,True
1,0.000000,ksunth,ksunth,True
1,0.000000,ksunth,ksunth,True
1,0.000000,ksunth,ksunth,True
1,0.000000,lfso,lfso,True
1,0.000000,lfso,lfso,True
1,0.000000,lfso,lfso,True
1,0.000000,lfso,lfso,True
1,0.000000,lfso,lfso,True
1,0.000000,lfso,lfso,True
1,0.000000,lfso,lfso,True
1,0.000000,lfso,lfso,True
1,0.000000,lfso,lfso,True
1,0.000000,lfso,lfso,True
1,0.000000,lfso,lfso,True
1,0.000000,lfso,lfso,True
1,0.000000,lfso,lfso,True
1,0.000000,lfso,lfso,True
1,0.000000,lfso,lfso,True
1,0.000000,lfso,lfso,True
1,0.000000,lfso,lfso,True
1,0.000000,lfso,lfso,True
1,0.000000,lfso,lfso,True
1,0.000000,lfso,lfso,True
1,0.000000,mbutle,mbutle,True
1,0.000000,mbutle,mbutle,True
1,0.000000,mbutle,mbutle,True
1,0.000000,mbutle,mbutle,True
1,0.000000,mbutle,mbutle,True
0,0.000000,mbutle,slbirc,False
1,0.000000,mbutle,mbutle,True
1,0.000000,mbutle,mbutle,True
1,0.000000,mbutle,mbutle,True
1,0.000000,mbutle,mbutle,True
1,0.000000,mbutle,mbutle,True
1,0.000000,mbutle,mbutle,True
1,0.000000,mbutle,mbutle,True
1,0.000000,mbutle,mbutle,True
0,0.000000,mbutle,slbirc,False
1,0.000000,mbutle,mbutle,True
1,0.000000,mbutle,mbutle,True
1,0.000000,mbutle,mbutle,True
1,0.000000,mbutle,mbutle,True
1,0.000000,mbutle,mbutle,True
1,0.000000,phughe,phughe,True
1,0.000000,phughe,phughe,True
1,0.000000,phughe,phughe,True
1,0.000000,phughe,phughe,True
1,0.000000,phughe,phughe,True
1,0.000000,phughe,phughe,True
1,0.000000,phughe,phughe,True
1,0.000000,phughe,phughe,True
1,0.000000,phughe,phughe,True
1,0.000000,phughe,phughe,True
1,0.000000,phughe,phughe,True
1,0.000000,phughe,phughe,True
1,0.000000,phughe,phughe,True
1,0.000000,phughe,phughe,True
1,0.000000,phughe,phughe,True
1,0.000000,phughe,phughe,True
1,0.000000,phughe,phughe,True
1,0.000000,phughe,phughe,True
1,0.000000,phughe,phughe,True
1,0.000000,phughe,phughe,True
1,0.000000,sbains,sbains,True
1,0.000000,sbains,sbains,True
1,0.000000,sbains,sbains,True
1,0.000000,sbains,sbains,True
1,0.000000,sbains,sbains,True
1,0.000000,sbains,sbains,True
1,0.000000,sbains,sbains,True
1,0.000000,sbains,sbains,True
1,0.000000,sbains,sbains,True
1,0.000000,sbains,sbains,True
1,0.000000,sbains,sbains,True
1,0.000000,sbains,sbains,True
1,0.000000,sbains,sbains,True
1,0.000000,sbains,sbains,True
1,0.000000,sbains,sbains,True
1,0.000000,sbains,sbains,True
1,0.000000,sbains,sbains,True
1,0.000000,sbains,sbains,True
1,0.000000,sbains,sbains,True
1,0.000000,sbains,sbains,True
1,0.000000,slbirc,slbirc,True
1,0.000000,slbirc,slbirc,True
1,0.000000,slbirc,slbirc,True
1,0.000000,slbirc,slbirc,True
1,0.000000,slbirc,slbirc,True
1,0.000000,slbirc,slbirc,True
1,0.000000,slbirc,slbirc,True
1,0.000000,slbirc,slbirc,True
1,0.000000,slbirc,slbirc,True
1,0.000000,slbirc,slbirc,True
1,0.000000,slbirc,slbirc,True
1,0.000000,slbirc,slbirc,True
1,0.000000,slbirc,slbirc,True
1,0.000000,slbirc,slbirc,True
1,0.000000,slbirc,slbirc,True
1,0.000000,slbirc,slbirc,True
1,0.000000,slbirc,slbirc,True
1,0.000000,slbirc,slbirc,True
1,0.000000,slbirc,slbirc,True
1,0.000000,slbirc,slbirc,True
1,0.000000,vstros,vstros,True
1,0.000000,vstros,vstros,True
1,0.000000,vstros,vstros,True
1,0.000000,vstros,vstros,True
1,0.000000,vstros,vstros,True
1,0.000000,vstros,vstros,True
1,0.000000,vstros,vstros,True
1,0.000000,vstros,vstros,True
1,0.000000,vstros,vstros,True
1,0.000000,vstros,vstros,True
1,0.000000,vstros,vstros,True
1,0.000000,vstros,vstros,True
1,0.000000,vstros,vstros,True
1,0.000000,vstros,vstros,True
1,0.000000,vstros,vstros,True
1,0.000000,vstros,vstros,True
1,0.000000,vstros,vstros,True
1,0.000000,vstros,vstros,True
1,0.000000,vstros,vstros,True
1,0.000000,vstros,vstros,True
1,0.000000,yfhsie,yfhsie,True
1,0.000000,yfhsie,yfhsie,True
1,0.000000,yfhsie,yfhsie,True
1,0.000000,yfhsie,yfhsie,True
1,0.000000,yfhsie,yfhsie,True
1,0.000000,yfhsie,yfhsie,True
1,0.000000,yfhsie,yfhsie,True
1,0.000000,yfhsie,yfhsie,True
1,0.000000,yfhsie,yfhsie,True
1,0.000000,yfhsie,yfhsie,True
1,0.000000,yfhsie,yfhsie,True
1,0.000000,yfhsie,yfhsie,True
1,0.000000,yfhsie,yfhsie,True
1,0.000000,yfhsie,yfhsie,True
1,0.000000,yfhsie,yfhsie,True
1,0.000000,yfhsie,yfhsie,True
1,0.000000,yfhsie,yfhsie,True
1,0.000000,yfhsie,yfhsie,True
1,0.000000,yfhsie,yfhsie,True
1,0.000000,yfhsie,yfhsie,True
1,0.000000,9326871,9326871,True
1,0.000000,9326871,9326871,True
1,0.000000,9326871,9326871,True
1,0.000000,9326871,9326871,True
1,0.000000,9326871,9326871,True
1,0.000000,9326871,9326871,True
1,0.000000,9326871,9326871,True
1,0.000000,9326871,9326871,True
1,0.000000,9326871,9326871,True
1,0.000000,9326871,9326871,True
1,0.000000,9326871,9326871,True
1,0.000000,9326871,9326871,True
1,0.000000,9326871,9326871,True
1,0.000000,9326871,9326871,True
1,0.000000,9326871,9326871,True
1,0.000000,9326871,9326871,True
1,0.000000,9326871,9326871,True
1,0.000000,9326871,9326871,True
1,0.000000,9326871,9326871,True
1,0.000000,9332898,9332898,True
1,0.000000,9332898,9332898,True
1,0.000000,9332898,9332898,True
1,0.000000,9332898,9332898,True
1,0.000000,9332898,9332898,True
1,0.000000,9332898,9332898,True
1,0.000000,9332898,9332898,True
1,0.000000,9332898,9332898,True
1,0.000000,9332898,9332898,True
1,0.000000,9332898,9332898,True
1,0.000000,9332898,9332898,True
1,0.000000,9332898,9332898,True
1,0.000000,9332898,9332898,True
1,0.000000,9332898,9332898,True
1,0.000000,9332898,9332898,True
1,0.000000,9332898,9332898,True
1,0.000000,9332898,9332898,True
1,0.000000,9332898,9332898,True
1,0.000000,9332898,9332898,True
1,0.000000,9338446,9338446,True
1,0.000000,9338446,9338446,True
1,0.000000,9338446,9338446,True
1,0.000000,9338446,9338446,True
1,0.000000,9338446,9338446,True
1,0.000000,9338446,9338446,True
1,0.000000,9338446,9338446,True
1,0.000000,9338446,9338446,True
1,0.000000,9338446,9338446,True
1,0.000000,9338446,9338446,True
1,0.000000,9338446,9338446,True
1,0.000000,9338446,9338446,True
1,0.000000,9338446,9338446,True
1,0.000000,9338446,9338446,True
1,0.000000,9338446,9338446,True
1,0.000000,9338446,9338446,True
1,0.000000,9338446,9338446,True
1,0.000000,9338446,9338446,True
1,0.000000,9338446,9338446,True
1,0.000000,9338454,9338454,True
1,0.000000,9338454,9338454,True
1,0.000000,9338454,9338454,True
1,0.000000,9338454,9338454,True
1,0.000000,9338454,9338454,True
1,0.000000,9338454,9338454,True
1,0.000000,9338454,9338454,True
1,0.000000,9338454,9338454,True
1,0.000000,9338454,9338454,True
1,0.000000,9338454,9338454,True
1,0.000000,9338454,9338454,True
1,0.000000,9338454,9338454,True
1,0.000000,9338454,9338454,True
1,0.000000,9338454,9338454,True
1,0.000000,9338454,9338454,True
1,0.000000,9338454,9338454,True
1,0.000000,9338454,9338454,True
1,0.000000,9338454,9338454,True
1,0.000000,9338454,9338454,True
1,0.000000,9338462,9338462,True
1,0.000000,9338462,9338462,True
1,0.000000,9338462,9338462,True
1,0.000000,9338462,9338462,True
1,0.000000,9338462,9338462,True
1,0.000000,9338462,9338462,True
1,0.000000,9338462,9338462,True
1,0.000000,9338462,9338462,True
1,0.000000,9338462,9338462,True
1,0.000000,9338462,9338462,True
1,0.000000,9338462,9338462,True
1,0.000000,9338462,9338462,True
1,0.000000,9338462,9338462,True
1,0.000000,9338462,9338462,True
1,0.000000,9338462,9338462,True
1,0.000000,9338462,9338462,True
1,0.000000,9338462,9338462,True
1,0.000000,9338462,9338462,True
1,0.000000,9338462,9338462,True
1,0.000000,9338489,9338489,True
1,0.000000,9338489,9338489,True
1,0.000000,9338489,9338489,True
1,0.000000,9338489,9338489,True
1,0.000000,9338489,9338489,True
1,0.000000,9338489,9338489,True
1,0.000000,9338489,9338489,True
1,0.000000,9338489,9338489,True
1,0.000000,9338489,9338489,True
1,0.000000,9338489,9338489,True
1,0.000000,9338489,9338489,True
1,0.000000,9338489,9338489,True
1,0.000000,9338489,9338489,True
1,0.000000,9338489,9338489,True
1,0.000000,9338489,9338489,True
1,0.000000,9338489,9338489,True
1,0.000000,9338489,9338489,True
1,0.000000,9338489,9338489,True
1,0.000000,9338489,9338489,True
1,0.000000,9338497,9338497,True
1,0.000000,9338497,9338497,True
1,0.000000,9338497,9338497,True
1,0.000000,9338497,9338497,True
1,0.000000,9338497,9338497,True
1,0.000000,9338497,9338497,True
1,0.000000,9338497,9338497,True
1,0.000000,9338497,9338497,True
1,0.000000,9338497,9338497,True
1,0.000000,9338497,9338497,True
1,0.000000,9338497,9338497,True
1,0.000000,9338497,9338497,True
1,0.000000,9338497,9338497,True
1,0.000000,9338497,9338497,True
1,0.000000,9338497,9338497,True
1,0.000000,9338497,9338497,True
1,0.000000,9338497,9338497,True
1,0.000000,9338497,9338497,True
1,0.000000,9338497,9338497,True
1,0.000000,9338519,9338519,True
1,0.000000,9338519,9338519,True
1,0.000000,9338519,9338519,True
1,0.000000,9338519,9338519,True
1,0.000000,9338519,9338519,True
1,0.000000,9338519,9338519,True
1,0.000000,9338519,9338519,True
1,0.000000,9338519,9338519,True
1,0.000000,9338519,9338519,True
1,0.000000,9338519,9338519,True
1,0.000000,9338519,9338519,True
1,0.000000,9338519,9338519,True
1,0.000000,9338519,9338519,True
1,0.000000,9338519,9338519,True
1,0.000000,9338519,9338519,True
1,0.000000,9338519,9338519,True
1,0.000000,9338519,9338519,True
1,0.000000,9338519,9338519,True
1,0.000000,9338519,9338519,True
1,0.000000,9338527,9338527,True
1,0.000000,9338527,9338527,True
1,0.000000,9338527,9338527,True
1,0.000000,9338527,9338527,True
1,0.000000,9338527,9338527,True
1,0.000000,9338527,9338527,True
1,0.000000,9338527,9338527,True
1,0.000000,9338527,9338527,True
1,0.000000,9338527,9338527,True
1,0.000000,9338527,9338527,True
1,0.000000,9338527,9338527,True
1,0.000000,9338527,9338527,True
1,0.000000,9338527,9338527,True
1,0.000000,9338527,9338527,True
1,0.000000,9338527,9338527,True
1,0.000000,9338527,9338527,True
1,0.000000,9338527,9338527,True
1,0.000000,9338527,9338527,True
1,0.000000,9338527,9338527,True
1,0.000000,9338543,9338543,True
1,0.000000,9338543,9338543,True
1,0.000000,9338543,9338543,True
1,0.000000,9338543,9338543,True
1,0.000000,9338543,9338543,True
1,0.000000,9338543,9338543,True
1,0.000000,9338543,9338543,True
1,0.000000,9338543,9338543,True
1,0.000000,9338543,9338543,True
1,0.000000,9338543,9338543,True
1,0.000000,9338543,9338543,True
1,0.000000,9338543,9338543,True
1,0.000000,9338543,9338543,True
1,0.000000,9338543,9338543,True
1,0.000000,9338543,9338543,True
1,0.000000,9338543,9338543,True
1,0.000000,9338543,9338543,True
1,0.000000,9338543,9338543,True
1,0.000000,9338543,9338543,True
1,0.000000,9414649,9414649,True
1,0.000000,9414649,9414649,True
1,0.000000,9414649,9414649,True
1,0.000000,9414649,9414649,True
1,0.000000,9414649,9414649,True
1,0.000000,9414649,9414649,True
1,0.000000,9414649,9414649,True
1,0.000000,9414649,9414649,True
1,0.000000,9414649,9414649,True
1,0.000000,9414649,9414649,True
1,0.000000,9414649,9414649,True
1,0.000000,9414649,9414649,True
1,0.000000,9414649,9414649,True
1,0.000000,9414649,9414649,True
1,0.000000,9414649,9414649,True
1,0.000000,9414649,9414649,True
1,0.000000,9414649,9414649,True
1,0.000000,9414649,9414649,True
1,0.000000,9414649,9414649,True
1,0.000000,9416994,9416994,True
1,0.000000,9416994,9416994,True
1,0.000000,9416994,9416994,True
1,0.000000,9416994,9416994,True
1,0.000000,9416994,9416994,True
1,0.000000,9416994,9416994,True
1,0.000000,9416994,9416994,True
1,0.000000,9416994,9416994,True
1,0.000000,9416994,9416994,True
1,0.000000,9416994,9416994,True
1,0.000000,9416994,9416994,True
1,0.000000,9416994,9416994,True
1,0.000000,9416994,9416994,True
1,0.000000,9416994,9416994,True
1,0.000000,9416994,9416994,True
1,0.000000,9416994,9416994,True
1,0.000000,9416994,9416994,True
1,0.000000,9416994,9416994,True
1,0.000000,9416994,9416994,True
1,0.000000,admars,admars,True
1,0.000000,admars,admars,True
1,0.000000,admars,admars,True
1,0.000000,admars,admars,True
1,0.000000,admars,admars,True
1,0.000000,admars,admars,True
1,0.000000,admars,admars,True
1,0.000000,admars,admars,True
1,0.000000,admars,admars,True
1,0.000000,admars,admars,True
1,0.000000,admars,admars,True
1,0.000000,admars,admars,True
1,0.000000,admars,admars,True
1,0.000000,admars,admars,True
1,0.000000,admars,admars,True
1,0.000000,admars,admars,True
1,0.000000,admars,admars,True
1,0.000000,admars,admars,True
1,0.000000,admars,admars,True
1,0.000000,ahodki,ahodki,True
1,0.000000,ahodki,ahodki,True
1,0.000000,ahodki,ahodki,True
1,0.000000,ahodki,ahodki,True
1,0.000000,ahodki,ahodki,True
1,0.000000,ahodki,ahodki,True
1,0.000000,ahodki,ahodki,True
1,0.000000,ahodki,ahodki,True
1,0.000000,ahodki,ahodki,True
1,0.000000,ahodki,ahodki,True
1,0.000000,ahodki,ahodki,True
1,0.000000,ahodki,ahodki,True
1,0.000000,ahodki,ahodki,True
1,0.000000,ahodki,ahodki,True
1,0.000000,ahodki,ahodki,True
1,0.000000,ahodki,ahodki,True
1,0.000000,ahodki,ahodki,True
1,0.000000,ahodki,ahodki,True
1,0.000000,ahodki,ahodki,True
1,0.000000,ajflem,ajflem,True
1,0.000000,ajflem,ajflem,True
1,0.000000,ajflem,ajflem,True
1,0.000000,ajflem,ajflem,True
1,0.000000,ajflem,ajflem,True
1,0.000000,ajflem,ajflem,True
1,0.000000,ajflem,ajflem,True
1,0.000000,ajflem,ajflem,True
1,0.000000,ajflem,ajflem,True
1,0.000000,ajflem,ajflem,True
1,0.000000,ajflem,ajflem,True
1,0.000000,ajflem,ajflem,True
1,0.000000,ajflem,ajflem,True
1,0.000000,ajflem,ajflem,True
1,0.000000,ajflem,ajflem,True
1,0.000000,ajflem,ajflem,True
1,0.000000,ajflem,ajflem,True
1,0.000000,ajflem,ajflem,True
1,0.000000,ajflem,ajflem,True
1,0.000000,ajones,ajones,True
1,0.000000,ajones,ajones,True
1,0.000000,ajones,ajones,True
1,0.000000,ajones,ajones,True
1,0.000000,ajones,ajones,True
1,0.000000,ajones,ajones,True
1,0.000000,ajones,ajones,True
1,0.000000,ajones,ajones,True
1,0.000000,ajones,ajones,True
1,0.000000,ajones,ajones,True
1,0.000000,ajones,ajones,True
1,0.000000,ajones,ajones,True
1,0.000000,ajones,ajones,True
1,0.000000,ajones,ajones,True
1,0.000000,ajones,ajones,True
1,0.000000,ajones,ajones,True
1,0.000000,ajones,ajones,True
1,0.000000,ajones,ajones,True
1,0.000000,ajones,ajones,True
1,0.000000,ajsega,ajsega,True
1,0.000000,ajsega,ajsega,True
1,0.000000,ajsega,ajsega,True
1,0.000000,ajsega,ajsega,True
1,0.000000,ajsega,ajsega,True
1,0.000000,ajsega,ajsega,True
1,0.000000,ajsega,ajsega,True
1,0.000000,ajsega,ajsega,True
1,0.000000,ajsega,ajsega,True
1,0.000000,ajsega,ajsega,True
1,0.000000,ajsega,ajsega,True
1,0.000000,ajsega,ajsega,True
1,0.000000,ajsega,ajsega,True
1,0.000000,ajsega,ajsega,True
1,0.000000,ajsega,ajsega,True
1,0.000000,ajsega,ajsega,True
1,0.000000,ajsega,ajsega,True
1,0.000000,ajsega,ajsega,True
1,0.000000,ajsega,ajsega,True
1,0.000000,akatsi,akatsi,True
1,0.000000,akatsi,akatsi,True
1,0.000000,akatsi,akatsi,True
1,0.000000,akatsi,akatsi,True
1,0.000000,akatsi,akatsi,True
1,0.000000,akatsi,akatsi,True
1,0.000000,akatsi,akatsi,True
1,0.000000,akatsi,akatsi,True
1,0.000000,akatsi,akatsi,True
1,0.000000,akatsi,akatsi,True
1,0.000000,akatsi,akatsi,True
1,0.000000,akatsi,akatsi,True
1,0.000000,akatsi,akatsi,True
1,0.000000,akatsi,akatsi,True
1,0.000000,akatsi,akatsi,True
1,0.000000,akatsi,akatsi,True
1,0.000000,akatsi,akatsi,True
1,0.000000,akatsi,akatsi,True
1,0.000000,akatsi,akatsi,True
1,0.000000,ambarw,ambarw,True
1,0.000000,ambarw,ambarw,True
1,0.000000,ambarw,ambarw,True
1,0.000000,ambarw,ambarw,True
1,0.000000,ambarw,ambarw,True
1,0.000000,ambarw,ambarw,True
1,0.000000,ambarw,ambarw,True
1,0.000000,ambarw,ambarw,True
1,0.000000,ambarw,ambarw,True
1,0.000000,ambarw,ambarw,True
1,0.000000,ambarw,ambarw,True
1,0.000000,ambarw,ambarw,True
1,0.000000,ambarw,ambarw,True
1,0.000000,ambarw,ambarw,True
1,0.000000,ambarw,ambarw,True
1,0.000000,ambarw,ambarw,True
1,0.000000,ambarw,ambarw,True
1,0.000000,ambarw,ambarw,True
1,0.000000,ambarw,ambarw,True
1,0.000000,asheal,asheal,True
1,0.000000,asheal,asheal,True
0,0.000000,asheal,skumar,False
0,0.000000,asheal,skumar,False
0,0.000000,asheal,skumar,False
0,0.000000,asheal,skumar,False
0,0.000000,asheal,skumar,False
1,0.000000,asheal,asheal,True
1,0.000000,asheal,asheal,True
1,0.000000,asheal,asheal,True
1,0.000000,asheal,asheal,True
1,0.000000,asheal,asheal,True
1,0.000000,asheal,asheal,True
1,0.000000,asheal,asheal,True
1,0.000000,asheal,asheal,True
1,0.000000,asheal,asheal,True
0,0.000000,asheal,skumar,False
1,0.000000,asheal,asheal,True
1,0.000000,asheal,asheal,True
1,0.000000,bplyce,bplyce,True
1,0.000000,bplyce,bplyce,True
1,0.000000,bplyce,bplyce,True
1,0.000000,bplyce,bplyce,True
1,0.000000,bplyce,bplyce,True
1,0.000000,bplyce,bplyce,True
1,0.000000,bplyce,bplyce,True
1,0.000000,bplyce,bplyce,True
1,0.000000,bplyce,bplyce,True
1,0.000000,bplyce,bplyce,True
1,0.000000,bplyce,bplyce,True
1,0.000000,bplyce,bplyce,True
1,0.000000,bplyce,bplyce,True
1,0.000000,bplyce,bplyce,True
1,0.000000,bplyce,bplyce,True
1,0.000000,bplyce,bplyce,True
1,0.000000,bplyce,bplyce,True
1,0.000000,bplyce,bplyce,True
1,0.000000,bplyce,bplyce,True
1,0.000000,cchris,cchris,True
1,0.000000,cchris,cchris,True
1,0.000000,cchris,cchris,True
1,0.000000,cchris,cchris,True
1,0.000000,cchris,cchris,True
1,0.000000,cchris,cchris,True
1,0.000000,cchris,cchris,True
1,0.000000,cchris,cchris,True
1,0.000000,cchris,cchris,True
1,0.000000,cchris,cchris,True
1,0.000000,cchris,cchris,True
1,0.000000,cchris,cchris,True
1,0.000000,cchris,cchris,True
1,0.000000,cchris,cchris,True
1,0.000000,cchris,cchris,True
1,0.000000,cchris,cchris,True
1,0.000000,cchris,cchris,True
1,0.000000,cchris,cchris,True
1,0.000000,cchris,cchris,True
1,0.000000,ccjame,ccjame,True
1,0.000000,ccjame,ccjame,True
1,0.000000,ccjame,ccjame,True
1,0.000000,ccjame,ccjame,True
1,0.000000,ccjame,ccjame,True
1,0.000000,ccjame,ccjame,True
1,0.000000,ccjame,ccjame,True
1,0.000000,ccjame,ccjame,True
1,0.000000,ccjame,ccjame,True
1,0.000000,ccjame,ccjame,True
1,0.000000,ccjame,ccjame,True
1,0.000000,ccjame,ccjame,True
1,0.000000,ccjame,ccjame,True
1,0.000000,ccjame,ccjame,True
1,0.000000,ccjame,ccjame,True
1,0.000000,ccjame,ccjame,True
1,0.000000,ccjame,ccjame,True
1,0.000000,ccjame,ccjame,True
1,0.000000,ccjame,ccjame,True
1,0.000000,cferdo,cferdo,True
1,0.000000,cferdo,cferdo,True
1,0.000000,cferdo,cferdo,True
1,0.000000,cferdo,cferdo,True
1,0.000000,cferdo,cferdo,True
1,0.000000,cferdo,cferdo,True
1,0.000000,cferdo,cferdo,True
1,0.000000,cferdo,cferdo,True
1,0.000000,cferdo,cferdo,True
1,0.000000,cferdo,cferdo,True
1,0.000000,cferdo,cferdo,True
1,0.000000,cferdo,cferdo,True
1,0.000000,cferdo,cferdo,True
1,0.000000,cferdo,cferdo,True
1,0.000000,cferdo,cferdo,True
1,0.000000,cferdo,cferdo,True
1,0.000000,cferdo,cferdo,True
1,0.000000,cferdo,cferdo,True
1,0.000000,cferdo,cferdo,True
1,0.000000,cgboyc,cgboyc,True
1,0.000000,cgboyc,cgboyc,True
1,0.000000,cgboyc,cgboyc,True
1,0.000000,cgboyc,cgboyc,True
1,0.000000,cgboyc,cgboyc,True
1,0.000000,cgboyc,cgboyc,True
1,0.000000,cgboyc,cgboyc,True
1,0.000000,cgboyc,cgboyc,True
1,0.000000,cgboyc,cgboyc,True
1,0.000000,cgboyc,cgboyc,True
1,0.000000,cgboyc,cgboyc,True
1,0.000000,cgboyc,cgboyc,True
1,0.000000,cgboyc,cgboyc,True
1,0.000000,cgboyc,cgboyc,True
1,0.000000,cgboyc,cgboyc,True
1,0.000000,cgboyc,cgboyc,True
1,0.000000,cgboyc,cgboyc,True
1,0.000000,cgboyc,cgboyc,True
1,0.000000,cgboyc,cgboyc,True
1,0.000000,cjcarr,cjcarr,True
1,0.000000,cjcarr,cjcarr,True
1,0.000000,cjcarr,cjcarr,True
1,0.000000,cjcarr,cjcarr,True
1,0.000000,cjcarr,cjcarr,True
1,0.000000,cjcarr,cjcarr,True
1,0.000000,cjcarr,cjcarr,True
1,0.000000,cjcarr,cjcarr,True
1,0.000000,cjcarr,cjcarr,True
1,0.000000,cjcarr,cjcarr,True
1,0.000000,cjcarr,cjcarr,True
1,0.000000,cjcarr,cjcarr,True
1,0.000000,cjcarr,cjcarr,True
1,0.000000,cjcarr,cjcarr,True
1,0.000000,cjcarr,cjcarr,True
1,0.000000,cjcarr,cjcarr,True
1,0.000000,cjcarr,cjcarr,True
1,0.000000,cjcarr,cjcarr,True
1,0.000000,cjcarr,cjcarr,True
1,0.000000,cjdenn,cjdenn,True
1,0.000000,cjdenn,cjdenn,True
1,0.000000,cjdenn,cjdenn,True
1,0.000000,cjdenn,cjdenn,True
1,0.000000,cjdenn,cjdenn,True
1,0.000000,cjdenn,cjdenn,True
1,0.000000,cjdenn,cjdenn,True
1,0.000000,cjdenn,cjdenn,True
1,0.000000,cjdenn,cjdenn,True
1,0.000000,cjdenn,cjdenn,True
1,0.000000,cjdenn,cjdenn,True
1,0.000000,cjdenn,cjdenn,True
1,0.000000,cjdenn,cjdenn,True
1,0.000000,cjdenn,cjdenn,True
1,0.000000,cjdenn,cjdenn,True
1,0.000000,cjdenn,cjdenn,True
1,0.000000,cjdenn,cjdenn,True
1,0.000000,cjdenn,cjdenn,True
1,0.000000,cjdenn,cjdenn,True
1,0.000000,cjsake,cjsake,True
1,0.000000,cjsake,cjsake,True
1,0.000000,cjsake,cjsake,True
1,0.000000,cjsake,cjsake,True
1,0.000000,cjsake,cjsake,True
1,0.000000,cjsake,cjsake,True
1,0.000000,cjsake,cjsake,True
1,0.000000,cjsake,cjsake,True
1,0.000000,cjsake,cjsake,True
1,0.000000,cjsake,cjsake,True
1,0.000000,cjsake,cjsake,True
1,0.000000,cjsake,cjsake,True
1,0.000000,cjsake,cjsake,True
1,0.000000,cjsake,cjsake,True
1,0.000000,cjsake,cjsake,True
1,0.000000,cjsake,cjsake,True
1,0.000000,cjsake,cjsake,True
1,0.000000,cjsake,cjsake,True
1,0.000000,cjsake,cjsake,True
1,0.000000,cmkirk,cmkirk,True
1,0.000000,cmkirk,cmkirk,True
1,0.000000,cmkirk,cmkirk,True
1,0.000000,cmkirk,cmkirk,True
1,0.000000,cmkirk,cmkirk,True
1,0.000000,cmkirk,cmkirk,True
1,0.000000,cmkirk,cmkirk,True
1,0.000000,cmkirk,cmkirk,True
1,0.000000,cmkirk,cmkirk,True
1,0.000000,cmkirk,cmkirk,True
1,0.000000,cmkirk,cmkirk,True
1,0.000000,cmkirk,cmkirk,True
1,0.000000,cmkirk,cmkirk,True
1,0.000000,cmkirk,cmkirk,True
1,0.000000,cmkirk,cmkirk,True
1,0.000000,cmkirk,cmkirk,True
1,0.000000,cmkirk,cmkirk,True
1,0.000000,cmkirk,cmkirk,True
1,0.000000,cmkirk,cmkirk,True
1,0.000000,csanch,csanch,True
1,0.000000,csanch,csanch,True
1,0.000000,csanch,csanch,True
1,0.000000,csanch,csanch,True
1,0.000000,csanch,csanch,True
1,0.000000,csanch,csanch,True
1,0.000000,csanch,csanch,True
1,0.000000,csanch,csanch,True
1,0.000000,csanch,csanch,True
1,0.000000,csanch,csanch,True
1,0.000000,csanch,csanch,True
1,0.000000,csanch,csanch,True
1,0.000000,csanch,csanch,True
1,0.000000,csanch,csanch,True
1,0.000000,csanch,csanch,True
1,0.000000,csanch,csanch,True
1,0.000000,csanch,csanch,True
1,0.000000,csanch,csanch,True
1,0.000000,csanch,csanch,True
1,0.000000,cshubb,cshubb,True
1,0.000000,cshubb,cshubb,True
1,0.000000,cshubb,cshubb,True
1,0.000000,cshubb,cshubb,True
1,0.000000,cshubb,cshubb,True
1,0.000000,cshubb,cshubb,True
1,0.000000,cshubb,cshubb,True
1,0.000000,cshubb,cshubb,True
1,0.000000,cshubb,cshubb,True
1,0.000000,cshubb,cshubb,True
1,0.000000,cshubb,cshubb,True
1,0.000000,cshubb,cshubb,True
1,0.000000,cshubb,cshubb,True
1,0.000000,cshubb,cshubb,True
1,0.000000,cshubb,cshubb,True
1,0.000000,cshubb,cshubb,True
1,0.000000,cshubb,cshubb,True
1,0.000000,cshubb,cshubb,True
1,0.000000,cshubb,cshubb,True
1,0.000000,cwchoi,cwchoi,True
1,0.000000,cwchoi,cwchoi,True
1,0.000000,cwchoi,cwchoi,True
1,0.000000,cwchoi,cwchoi,True
1,0.000000,cwchoi,cwchoi,True
1,0.000000,cwchoi,cwchoi,True
1,0.000000,cwchoi,cwchoi,True
1,0.000000,cwchoi,cwchoi,True
1,0.000000,cwchoi,cwchoi,True
1,0.000000,cwchoi,cwchoi,True
1,0.000000,cwchoi,cwchoi,True
1,0.000000,cwchoi,cwchoi,True
1,0.000000,cwchoi,cwchoi,True
1,0.000000,cwchoi,cwchoi,True
1,0.000000,cwchoi,cwchoi,True
1,0.000000,cwchoi,cwchoi,True
1,0.000000,cwchoi,cwchoi,True
1,0.000000,cwchoi,cwchoi,True
1,0.000000,cwchoi,cwchoi,True
1,0.000000,dagran,dagran,True
1,0.000000,dagran,dagran,True
1,0.000000,dagran,dagran,True
1,0.000000,dagran,dagran,True
1,0.000000,dagran,dagran,True
1,0.000000,dagran,dagran,True
1,0.000000,dagran,dagran,True
1,0.000000,dagran,dagran,True
1,0.000000,dagran,dagran,True
1,0.000000,dagran,dagran,True
1,0.000000,dagran,dagran,True
1,0.000000,dagran,dagran,True
1,0.000000,dagran,dagran,True
1,0.000000,dagran,dagran,True
1,0.000000,dagran,dagran,True
1,0.000000,dagran,dagran,True
1,0.000000,dagran,dagran,True
1,0.000000,dagran,dagran,True
1,0.000000,dagran,dagran,True
1,0.000000,dakram,dakram,True
1,0.000000,dakram,dakram,True
1,0.000000,dakram,dakram,True
1,0.000000,dakram,dakram,True
1,0.000000,dakram,dakram,True
1,0.000000,dakram,dakram,True
1,0.000000,dakram,dakram,True
1,0.000000,dakram,dakram,True
1,0.000000,dakram,dakram,True
1,0.000000,dakram,dakram,True
1,0.000000,dakram,dakram,True
1,0.000000,dakram,dakram,True
1,0.000000,dakram,dakram,True
1,0.000000,dakram,dakram,True
1,0.000000,dakram,dakram,True
1,0.000000,dakram,dakram,True
1,0.000000,dakram,dakram,True
1,0.000000,dakram,dakram,True
1,0.000000,dakram,dakram,True
1,0.000000,dcbowe,dcbowe,True
1,0.000000,dcbowe,dcbowe,True
1,0.000000,dcbowe,dcbowe,True
1,0.000000,dcbowe,dcbowe,True
1,0.000000,dcbowe,dcbowe,True
1,0.000000,dcbowe,dcbowe,True
1,0.000000,dcbowe,dcbowe,True
1,0.000000,dcbowe,dcbowe,True
1,0.000000,dcbowe,dcbowe,True
1,0.000000,dcbowe,dcbowe,True
1,0.000000,dcbowe,dcbowe,True
1,0.000000,dcbowe,dcbowe,True
1,0.000000,dcbowe,dcbowe,True
1,0.000000,dcbowe,dcbowe,True
1,0.000000,dcbowe,dcbowe,True
1,0.000000,dcbowe,dcbowe,True
1,0.000000,dcbowe,dcbowe,True
1,0.000000,dcbowe,dcbowe,True
1,0.000000,dcbowe,dcbowe,True
1,0.000000,dioann,dioann,True
1,0.000000,dioann,dioann,True
1,0.000000,dioann,dioann,True
1,0.000000,dioann,dioann,True
1,0.000000,dioann,dioann,True
1,0.000000,dioann,dioann,True
1,0.000000,dioann,dioann,True
1,0.000000,dioann,dioann,True
1,0.000000,dioann,dioann,True
1,0.000000,dioann,dioann,True
1,0.000000,dioann,dioann,True
1,0.000000,dioann,dioann,True
1,0.000000,dioann,dioann,True
1,0.000000,dioann,dioann,True
1,0.000000,dioann,dioann,True
1,0.000000,dioann,dioann,True
1,0.000000,dioann,dioann,True
1,0.000000,dioann,dioann,True
1,0.000000,dioann,dioann,True
1,0.000000,djbirc,djbirc,True
1,0.000000,djbirc,djbirc,True
1,0.000000,djbirc,djbirc,True
1,0.000000,djbirc,djbirc,True
1,0.000000,djbirc,djbirc,True
1,0.000000,djbirc,djbirc,True
1,0.000000,djbirc,djbirc,True
1,0.000000,djbirc,djbirc,True
1,0.000000,djbirc,djbirc,True
1,0.000000,djbirc,djbirc,True
1,0.000000,djbirc,djbirc,True
1,0.000000,djbirc,djbirc,True
1,0.000000,djbirc,djbirc,True
1,0.000000,djbirc,djbirc,True
1,0.000000,djbirc,djbirc,True
1,0.000000,djbirc,djbirc,True
1,0.000000,djbirc,djbirc,True
1,0.000000,djbirc,djbirc,True
1,0.000000,djbirc,djbirc,True
0,0.000000,djhugh,cjcarr,False
0,0.000000,djhugh,cjcarr,False
0,0.000000,djhugh,cjcarr,False
1,0.000000,djhugh,djhugh,True
0,0.000000,djhugh,cjcarr,False
0,0.000000,djhugh,ekavaz,False
0,0.000000,djhugh,ekavaz,False
0,0.000000,djhugh,kjwith,False
1,0.000000,djhugh,djhugh,True
0,0.000000,djhugh,gsreas,False
0,0.000000,djhugh,cjcarr,False
1,0.000000,djhugh,djhugh,True
0,0.000000,djhugh,ekavaz,False
0,0.000000,djhugh,ekavaz,False
1,0.000000,djhugh,djhugh,True
1,0.000000,djhugh,djhugh,True
1,0.000000,djhugh,djhugh,True
1,0.000000,djhugh,djhugh,True
0,0.000000,djhugh,cjcarr,False
1,0.000000,djmart,djmart,True
1,0.000000,djmart,djmart,True
1,0.000000,djmart,djmart,True
1,0.000000,djmart,djmart,True
1,0.000000,djmart,djmart,True
1,0.000000,djmart,djmart,True
0,0.000000,djmart,pmives,False
1,0.000000,djmart,djmart,True
1,0.000000,djmart,djmart,True
1,0.000000,djmart,djmart,True
1,0.000000,djmart,djmart,True
1,0.000000,djmart,djmart,True
1,0.000000,djmart,djmart,True
1,0.000000,djmart,djmart,True
1,0.000000,djmart,djmart,True
1,0.000000,djmart,djmart,True
1,0.000000,djmart,djmart,True
1,0.000000,djmart,djmart,True
1,0.000000,djmart,djmart,True
1,0.000000,dmwest,dmwest,True
1,0.000000,dmwest,dmwest,True
1,0.000000,dmwest,dmwest,True
1,0.000000,dmwest,dmwest,True
1,0.000000,dmwest,dmwest,True
1,0.000000,dmwest,dmwest,True
1,0.000000,dmwest,dmwest,True
1,0.000000,dmwest,dmwest,True
1,0.000000,dmwest,dmwest,True
1,0.000000,dmwest,dmwest,True
1,0.000000,dmwest,dmwest,True
1,0.000000,dmwest,dmwest,True
1,0.000000,dmwest,dmwest,True
1,0.000000,dmwest,dmwest,True
1,0.000000,dmwest,dmwest,True
1,0.000000,dmwest,dmwest,True
1,0.000000,dmwest,dmwest,True
1,0.000000,dmwest,dmwest,True
1,0.000000,dmwest,dmwest,True
1,0.000000,gdhatc,gdhatc,True
1,0.000000,gdhatc,gdhatc,True
1,0.000000,gdhatc,gdhatc,True
1,0.000000,gdhatc,gdhatc,True
1,0.000000,gdhatc,gdhatc,True
1,0.000000,gdhatc,gdhatc,True
1,0.000000,gdhatc,gdhatc,True
1,0.000000,gdhatc,gdhatc,True
1,0.000000,gdhatc,gdhatc,True
1,0.000000,gdhatc,gdhatc,True
1,0.000000,gdhatc,gdhatc,True
1,0.000000,gdhatc,gdhatc,True
1,0.000000,gdhatc,gdhatc,True
1,0.000000,gdhatc,gdhatc,True
1,0.000000,gdhatc,gdhatc,True
1,0.000000,gdhatc,gdhatc,True
1,0.000000,gdhatc,gdhatc,True
1,0.000000,gdhatc,gdhatc,True
1,0.000000,gdhatc,gdhatc,True
1,0.000000,ggeorg,ggeorg,True
1,0.000000,ggeorg,ggeorg,True
1,0.000000,ggeorg,ggeorg,True
1,0.000000,ggeorg,ggeorg,True
1,0.000000,ggeorg,ggeorg,True
1,0.000000,ggeorg,ggeorg,True
1,0.000000,ggeorg,ggeorg,True
1,0.000000,ggeorg,ggeorg,True
1,0.000000,ggeorg,ggeorg,True
1,0.000000,ggeorg,ggeorg,True
1,0.000000,ggeorg,ggeorg,True
1,0.000000,ggeorg,ggeorg,True
1,0.000000,ggeorg,ggeorg,True
1,0.000000,ggeorg,ggeorg,True
1,0.000000,ggeorg,ggeorg,True
1,0.000000,ggeorg,ggeorg,True
1,0.000000,ggeorg,ggeorg,True
1,0.000000,ggeorg,ggeorg,True
1,0.000000,ggeorg,ggeorg,True
1,0.000000,ggrego,ggrego,True
1,0.000000,ggrego,ggrego,True
1,0.000000,ggrego,ggrego,True
1,0.000000,ggrego,ggrego,True
1,0.000000,ggrego,ggrego,True
1,0.000000,ggrego,ggrego,True
1,0.000000,ggrego,ggrego,True
1,0.000000,ggrego,ggrego,True
1,0.000000,ggrego,ggrego,True
1,0.000000,ggrego,ggrego,True
1,0.000000,ggrego,ggrego,True
1,0.000000,ggrego,ggrego,True
1,0.000000,ggrego,ggrego,True
1,0.000000,ggrego,ggrego,True
1,0.000000,ggrego,ggrego,True
1,0.000000,ggrego,ggrego,True
1,0.000000,ggrego,ggrego,True
1,0.000000,ggrego,ggrego,True
1,0.000000,ggrego,ggrego,True
1,0.000000,gjhero,gjhero,True
1,0.000000,gjhero,gjhero,True
1,0.000000,gjhero,gjhero,True
1,0.000000,gjhero,gjhero,True
1,0.000000,gjhero,gjhero,True
1,0.000000,gjhero,gjhero,True
1,0.000000,gjhero,gjhero,True
1,0.000000,gjhero,gjhero,True
1,0.000000,gjhero,gjhero,True
1,0.000000,gjhero,gjhero,True
1,0.000000,gjhero,gjhero,True
1,0.000000,gjhero,gjhero,True
1,0.000000,gjhero,gjhero,True
1,0.000000,gjhero,gjhero,True
1,0.000000,gjhero,gjhero,True
1,0.000000,gjhero,gjhero,True
1,0.000000,gjhero,gjhero,True
1,0.000000,gjhero,gjhero,True
1,0.000000,gjhero,gjhero,True
1,0.000000,gjnorm,gjnorm,True
1,0.000000,gjnorm,gjnorm,True
1,0.000000,gjnorm,gjnorm,True
1,0.000000,gjnorm,gjnorm,True
1,0.000000,gjnorm,gjnorm,True
1,0.000000,gjnorm,gjnorm,True
1,0.000000,gjnorm,gjnorm,True
1,0.000000,gjnorm,gjnorm,True
1,0.000000,gjnorm,gjnorm,True
1,0.000000,gjnorm,gjnorm,True
1,0.000000,gjnorm,gjnorm,True
1,0.000000,gjnorm,gjnorm,True
1,0.000000,gjnorm,gjnorm,True
1,0.000000,gjnorm,gjnorm,True
1,0.000000,gjnorm,gjnorm,True
1,0.000000,gjnorm,gjnorm,True
1,0.000000,gjnorm,gjnorm,True
1,0.000000,gjnorm,gjnorm,True
1,0.000000,gjnorm,gjnorm,True
1,0.000000,gmwate,gmwate,True
1,0.000000,gmwate,gmwate,True
1,0.000000,gmwate,gmwate,True
1,0.000000,gmwate,gmwate,True
1,0.000000,gmwate,gmwate,True
1,0.000000,gmwate,gmwate,True
1,0.000000,gmwate,gmwate,True
1,0.000000,gmwate,gmwate,True
1,0.000000,gmwate,gmwate,True
1,0.000000,gmwate,gmwate,True
1,0.000000,gmwate,gmwate,True
1,0.000000,gmwate,gmwate,True
1,0.000000,gmwate,gmwate,True
1,0.000000,gmwate,gmwate,True
1,0.000000,gmwate,gmwate,True
1,0.000000,gmwate,gmwate,True
1,0.000000,gmwate,gmwate,True
1,0.000000,gmwate,gmwate,True
1,0.000000,gmwate,gmwate,True
1,0.000000,gpapaz,gpapaz,True
1,0.000000,gpapaz,gpapaz,True
1,0.000000,gpapaz,gpapaz,True
1,0.000000,gpapaz,gpapaz,True
1,0.000000,gpapaz,gpapaz,True
1,0.000000,gpapaz,gpapaz,True
1,0.000000,gpapaz,gpapaz,True
1,0.000000,gpapaz,gpapaz,True
1,0.000000,gpapaz,gpapaz,True
1,0.000000,gpapaz,gpapaz,True
1,0.000000,gpapaz,gpapaz,True
1,0.000000,gpapaz,gpapaz,True
1,0.000000,gpapaz,gpapaz,True
1,0.000000,gpapaz,gpapaz,True
1,0.000000,gpapaz,gpapaz,True
1,0.000000,gpapaz,gpapaz,True
1,0.000000,gpapaz,gpapaz,True
1,0.000000,gpapaz,gpapaz,True
1,0.000000,gpapaz,gpapaz,True
1,0.000000,gpsmit,gpsmit,True
1,0.000000,gpsmit,gpsmit,True
1,0.000000,gpsmit,gpsmit,True
1,0.000000,gpsmit,gpsmit,True
1,0.000000,gpsmit,gpsmit,True
1,0.000000,gpsmit,gpsmit,True
1,0.000000,gpsmit,gpsmit,True
1,0.000000,gpsmit,gpsmit,True
1,0.000000,gpsmit,gpsmit,True
1,0.000000,gpsmit,gpsmit,True
1,0.000000,gpsmit,gpsmit,True
1,0.000000,gpsmit,gpsmit,True
1,0.000000,gpsmit,gpsmit,True
1,0.000000,gpsmit,gpsmit,True
1,0.000000,gpsmit,gpsmit,True
1,0.000000,gpsmit,gpsmit,True
1,0.000000,gpsmit,gpsmit,True
1,0.000000,gpsmit,gpsmit,True
1,0.000000,gpsmit,gpsmit,True
1,0.000000,gsreas,gsreas,True
1,0.000000,gsreas,gsreas,True
1,0.000000,gsreas,gsreas,True
1,0.000000,gsreas,gsreas,True
1,0.000000,gsreas,gsreas,True
1,0.000000,gsreas,gsreas,True
1,0.000000,gsreas,gsreas,True
1,0.000000,gsreas,gsreas,True
1,0.000000,gsreas,gsreas,True
1,0.000000,gsreas,gsreas,True
1,0.000000,gsreas,gsreas,True
1,0.000000,gsreas,gsreas,True
1,0.000000,gsreas,gsreas,True
1,0.000000,gsreas,gsreas,True
1,0.000000,gsreas,gsreas,True
1,0.000000,gsreas,gsreas,True
1,0.000000,gsreas,gsreas,True
1,0.000000,gsreas,gsreas,True
1,0.000000,gsreas,gsreas,True
1,0.000000,irdrew,irdrew,True
1,0.000000,irdrew,irdrew,True
1,0.000000,irdrew,irdrew,True
1,0.000000,irdrew,irdrew,True
1,0.000000,irdrew,irdrew,True
1,0.000000,irdrew,irdrew,True
1,0.000000,irdrew,irdrew,True
1,0.000000,irdrew,irdrew,True
1,0.000000,irdrew,irdrew,True
1,0.000000,irdrew,irdrew,True
1,0.000000,irdrew,irdrew,True
1,0.000000,irdrew,irdrew,True
1,0.000000,irdrew,irdrew,True
1,0.000000,irdrew,irdrew,True
1,0.000000,irdrew,irdrew,True
1,0.000000,irdrew,irdrew,True
1,0.000000,irdrew,irdrew,True
1,0.000000,irdrew,irdrew,True
1,0.000000,irdrew,irdrew,True
1,0.000000,jabins,jabins,True
1,0.000000,jabins,jabins,True
1,0.000000,jabins,jabins,True
1,0.000000,jabins,jabins,True
1,0.000000,jabins,jabins,True
1,0.000000,jabins,jabins,True
1,0.000000,jabins,jabins,True
1,0.000000,jabins,jabins,True
1,0.000000,jabins,jabins,True
1,0.000000,jabins,jabins,True
1,0.000000,jabins,jabins,True
1,0.000000,jabins,jabins,True
1,0.000000,jabins,jabins,True
1,0.000000,jabins,jabins,True
1,0.000000,jabins,jabins,True
1,0.000000,jabins,jabins,True
1,0.000000,jabins,jabins,True
1,0.000000,jabins,jabins,True
1,0.000000,jabins,jabins,True
1,0.000000,jagrif,jagrif,True
1,0.000000,jagrif,jagrif,True
1,0.000000,jagrif,jagrif,True
1,0.000000,jagrif,jagrif,True
1,0.000000,jagrif,jagrif,True
1,0.000000,jagrif,jagrif,True
1,0.000000,jagrif,jagrif,True
1,0.000000,jagrif,jagrif,True
1,0.000000,jagrif,jagrif,True
1,0.000000,jagrif,jagrif,True
1,0.000000,jagrif,jagrif,True
1,0.000000,jagrif,jagrif,True
1,0.000000,jagrif,jagrif,True
1,0.000000,jagrif,jagrif,True
1,0.000000,jagrif,jagrif,True
1,0.000000,jagrif,jagrif,True
1,0.000000,jagrif,jagrif,True
1,0.000000,jagrif,jagrif,True
1,0.000000,jagrif,jagrif,True
1,0.000000,jcarte,jcarte,True
1,0.000000,jcarte,jcarte,True
1,0.000000,jcarte,jcarte,True
1,0.000000,jcarte,jcarte,True
1,0.000000,jcarte,jcarte,True
1,0.000000,jcarte,jcarte,True
1,0.000000,jcarte,jcarte,True
1,0.000000,jcarte,jcarte,True
1,0.000000,jcarte,jcarte,True
1,0.000000,jcarte,jcarte,True
1,0.000000,jcarte,jcarte,True
1,0.000000,jcarte,jcarte,True
1,0.000000,jcarte,jcarte,True
1,0.000000,jcarte,jcarte,True
1,0.000000,jcarte,jcarte,True
1,0.000000,jcarte,jcarte,True
1,0.000000,jcarte,jcarte,True
1,0.000000,jcarte,jcarte,True
1,0.000000,jcarte,jcarte,True
1,0.000000,jdbenm,jdbenm,True
1,0.000000,jdbenm,jdbenm,True
1,0.000000,jdbenm,jdbenm,True
1,0.000000,jdbenm,jdbenm,True
1,0.000000,jdbenm,jdbenm,True
1,0.000000,jdbenm,jdbenm,True
1,0.000000,jdbenm,jdbenm,True
1,0.000000,jdbenm,jdbenm,True
1,0.000000,jdbenm,jdbenm,True
1,0.000000,jdbenm,jdbenm,True
1,0.000000,jdbenm,jdbenm,True
1,0.000000,jdbenm,jdbenm,True
1,0.000000,jdbenm,jdbenm,True
1,0.000000,jdbenm,jdbenm,True
1,0.000000,jdbenm,jdbenm,True
1,0.000000,jdbenm,jdbenm,True
1,0.000000,jdbenm,jdbenm,True
1,0.000000,jdbenm,jdbenm,True
1,0.000000,jdbenm,jdbenm,True
1,0.000000,jgloma,jgloma,True
1,0.000000,jgloma,jgloma,True
1,0.000000,jgloma,jgloma,True
1,0.000000,jgloma,jgloma,True
1,0.000000,jgloma,jgloma,True
1,0.000000,jgloma,jgloma,True
1,0.000000,jgloma,jgloma,True
1,0.000000,jgloma,jgloma,True
1,0.000000,jgloma,jgloma,True
1,0.000000,jgloma,jgloma,True
1,0.000000,jgloma,jgloma,True
1,0.000000,jgloma,jgloma,True
1,0.000000,jgloma,jgloma,True
1,0.000000,jgloma,jgloma,True
1,0.000000,jgloma,jgloma,True
1,0.000000,jgloma,jgloma,True
1,0.000000,jgloma,jgloma,True
1,0.000000,jgloma,jgloma,True
1,0.000000,jgloma,jgloma,True
1,0.000000,jlemon,jlemon,True
1,0.000000,jlemon,jlemon,True
1,0.000000,jlemon,jlemon,True
1,0.000000,jlemon,jlemon,True
1,0.000000,jlemon,jlemon,True
1,0.000000,jlemon,jlemon,True
1,0.000000,jlemon,jlemon,True
1,0.000000,jlemon,jlemon,True
1,0.000000,jlemon,jlemon,True
1,0.000000,jlemon,jlemon,True
1,0.000000,jlemon,jlemon,True
1,0.000000,jlemon,jlemon,True
1,0.000000,jlemon,jlemon,True
1,0.000000,jlemon,jlemon,True
1,0.000000,jlemon,jlemon,True
1,0.000000,jlemon,jlemon,True
1,0.000000,jlemon,jlemon,True
1,0.000000,jlemon,jlemon,True
1,0.000000,jlemon,jlemon,True
1,0.000000,jmedin,jmedin,True
1,0.000000,jmedin,jmedin,True
1,0.000000,jmedin,jmedin,True
1,0.000000,jmedin,jmedin,True
1,0.000000,jmedin,jmedin,True
1,0.000000,jmedin,jmedin,True
1,0.000000,jmedin,jmedin,True
1,0.000000,jmedin,jmedin,True
1,0.000000,jmedin,jmedin,True
1,0.000000,jmedin,jmedin,True
1,0.000000,jmedin,jmedin,True
1,0.000000,jmedin,jmedin,True
1,0.000000,jmedin,jmedin,True
1,0.000000,jmedin,jmedin,True
1,0.000000,jmedin,jmedin,True
1,0.000000,jmedin,jmedin,True
1,0.000000,jmedin,jmedin,True
1,0.000000,jmedin,jmedin,True
1,0.000000,jmedin,jmedin,True
1,0.000000,jrtobi,jrtobi,True
1,0.000000,jrtobi,jrtobi,True
1,0.000000,jrtobi,jrtobi,True
1,0.000000,jrtobi,jrtobi,True
1,0.000000,jrtobi,jrtobi,True
1,0.000000,jrtobi,jrtobi,True
1,0.000000,jrtobi,jrtobi,True
1,0.000000,jrtobi,jrtobi,True
1,0.000000,jrtobi,jrtobi,True
1,0.000000,jrtobi,jrtobi,True
1,0.000000,jrtobi,jrtobi,True
1,0.000000,jrtobi,jrtobi,True
1,0.000000,jrtobi,jrtobi,True
1,0.000000,jrtobi,jrtobi,True
1,0.000000,jrtobi,jrtobi,True
1,0.000000,jrtobi,jrtobi,True
1,0.000000,jrtobi,jrtobi,True
1,0.000000,jrtobi,jrtobi,True
1,0.000000,jrtobi,jrtobi,True
1,0.000000,kaatki,kaatki,True
1,0.000000,kaatki,kaatki,True
1,0.000000,kaatki,kaatki,True
1,0.000000,kaatki,kaatki,True
1,0.000000,kaatki,kaatki,True
1,0.000000,kaatki,kaatki,True
1,0.000000,kaatki,kaatki,True
1,0.000000,kaatki,kaatki,True
1,0.000000,kaatki,kaatki,True
1,0.000000,kaatki,kaatki,True
1,0.000000,kaatki,kaatki,True
1,0.000000,kaatki,kaatki,True
1,0.000000,kaatki,kaatki,True
1,0.000000,kaatki,kaatki,True
1,0.000000,kaatki,kaatki,True
1,0.000000,kaatki,kaatki,True
1,0.000000,kaatki,kaatki,True
1,0.000000,kaatki,kaatki,True
1,0.000000,kaatki,kaatki,True
1,0.000000,kdjone,kdjone,True
1,0.000000,kdjone,kdjone,True
1,0.000000,kdjone,kdjone,True
1,0.000000,kdjone,kdjone,True
1,0.000000,kdjone,kdjone,True
1,0.000000,kdjone,kdjone,True
1,0.000000,kdjone,kdjone,True
1,0.000000,kdjone,kdjone,True
1,0.000000,kdjone,kdjone,True
1,0.000000,kdjone,kdjone,True
1,0.000000,kdjone,kdjone,True
1,0.000000,kdjone,kdjone,True
1,0.000000,kdjone,kdjone,True
1,0.000000,kdjone,kdjone,True
1,0.000000,kdjone,kdjone,True
1,0.000000,kdjone,kdjone,True
1,0.000000,kdjone,kdjone,True
1,0.000000,kdjone,kdjone,True
1,0.000000,kdjone,kdjone,True
1,0.000000,khchan,khchan,True
1,0.000000,khchan,khchan,True
1,0.000000,khchan,khchan,True
1,0.000000,khchan,khchan,True
1,0.000000,khchan,khchan,True
1,0.000000,khchan,khchan,True
1,0.000000,khchan,khchan,True
1,0.000000,khchan,khchan,True
1,0.000000,khchan,khchan,True
1,0.000000,khchan,khchan,True
1,0.000000,khchan,khchan,True
1,0.000000,khchan,khchan,True
1,0.000000,khchan,khchan,True
1,0.000000,khchan,khchan,True
1,0.000000,khchan,khchan,True
1,0.000000,khchan,khchan,True
1,0.000000,khchan,khchan,True
0,0.000000,khchan,pspliu,False
1,0.000000,khchan,khchan,True
0,0.000000,khughe,maasht,False
0,0.000000,khughe,maasht,False
1,0.000000,khughe,khughe,True
1,0.000000,khughe,khughe,True
1,0.000000,khughe,khughe,True
0,0.000000,khughe,ggrego,False
1,0.000000,khughe,khughe,True
1,0.000000,khughe,khughe,True
1,0.000000,khughe,khughe,True
1,0.000000,khughe,khughe,True
1,0.000000,khughe,khughe,True
1,0.000000,khughe,khughe,True
1,0.000000,khughe,khughe,True
1,0.000000,khughe,khughe,True
1,0.000000,khughe,khughe,True
1,0.000000,khughe,khughe,True
1,0.000000,khughe,khughe,True
1,0.000000,khughe,khughe,True
1,0.000000,khughe,khughe,True
1,0.000000,kjwith,kjwith,True
1,0.000000,kjwith,kjwith,True
1,0.000000,kjwith,kjwith,True
1,0.000000,kjwith,kjwith,True
1,0.000000,kjwith,kjwith,True
1,0.000000,kjwith,kjwith,True
1,0.000000,kjwith,kjwith,True
1,0.000000,kjwith,kjwith,True
1,0.000000,kjwith,kjwith,True
1,0.000000,kjwith,kjwith,True
1,0.000000,kjwith,kjwith,True
1,0.000000,kjwith,kjwith,True
1,0.000000,kjwith,kjwith,True
1,0.000000,kjwith,kjwith,True
1,0.000000,kjwith,kjwith,True
1,0.000000,kjwith,kjwith,True
1,0.000000,kjwith,kjwith,True
1,0.000000,kjwith,kjwith,True
1,0.000000,kjwith,kjwith,True
1,0.000000,lejnno,lejnno,True
1,0.000000,lejnno,lejnno,True
1,0.000000,lejnno,lejnno,True
1,0.000000,lejnno,lejnno,True
1,0.000000,lejnno,lejnno,True
1,0.000000,lejnno,lejnno,True
1,0.000000,lejnno,lejnno,True
1,0.000000,lejnno,lejnno,True
1,0.000000,lejnno,lejnno,True
1,0.000000,lejnno,lejnno,True
1,0.000000,lejnno,lejnno,True
1,0.000000,lejnno,lejnno,True
1,0.000000,lejnno,lejnno,True
1,0.000000,lejnno,lejnno,True
1,0.000000,lejnno,lejnno,True
1,0.000000,lejnno,lejnno,True
1,0.000000,lejnno,lejnno,True
1,0.000000,lejnno,lejnno,True
1,0.000000,lejnno,lejnno,True
0,0.000000,maasht,gpsmit,False
0,0.000000,maasht,gpsmit,False
0,0.000000,maasht,pmives,False
0,0.000000,maasht,gpsmit,False
0,0.000000,maasht,pmives,False
1,0.000000,maasht,maasht,True
0,0.000000,maasht,pmives,False
0,0.000000,maasht,pmives,False
0,0.000000,maasht,pmives,False
0,0.000000,maasht,gpsmit,False
0,0.000000,maasht,pmives,False
1,0.000000,maasht,maasht,True
1,0.000000,maasht,maasht,True
1,0.000000,maasht,maasht,True
1,0.000000,maasht,maasht,True
1,0.000000,maasht,maasht,True
1,0.000000,maasht,maasht,True
1,0.000000,maasht,maasht,True
0,0.000000,maasht,pmives,False
1,0.000000,mberdo,mberdo,True
1,0.000000,mberdo,mberdo,True
1,0.000000,mberdo,mberdo,True
1,0.000000,mberdo,mberdo,True
1,0.000000,mberdo,mberdo,True
1,0.000000,mberdo,mberdo,True
1,0.000000,mberdo,mberdo,True
1,0.000000,mberdo,mberdo,True
1,0.000000,mberdo,mberdo,True
1,0.000000,mberdo,mberdo,True
1,0.000000,mberdo,mberdo,True
1,0.000000,mberdo,mberdo,True
1,0.000000,mberdo,mberdo,True
1,0.000000,mberdo,mberdo,True
1,0.000000,mberdo,mberdo,True
1,0.000000,mberdo,mberdo,True
1,0.000000,mberdo,mberdo,True
1,0.000000,mberdo,mberdo,True
1,0.000000,mberdo,mberdo,True
1,0.000000,mdpove,mdpove,True
0,0.000000,mdpove,mpetti,False
1,0.000000,mdpove,mdpove,True
1,0.000000,mdpove,mdpove,True
1,0.000000,mdpove,mdpove,True
1,0.000000,mdpove,mdpove,True
1,0.000000,mdpove,mdpove,True
1,0.000000,mdpove,mdpove,True
1,0.000000,mdpove,mdpove,True
1,0.000000,mdpove,mdpove,True
1,0.000000,mdpove,mdpove,True
1,0.000000,mdpove,mdpove,True
1,0.000000,mdpove,mdpove,True
1,0.000000,mdpove,mdpove,True
1,0.000000,mdpove,mdpove,True
1,0.000000,mdpove,mdpove,True
1,0.000000,mdpove,mdpove,True
1,0.000000,mdpove,mdpove,True
1,0.000000,mdpove,mdpove,True
1,0.000000,mefait,mefait,True
1,0.000000,mefait,mefait,True
1,0.000000,mefait,mefait,True
1,0.000000,mefait,mefait,True
1,0.000000,mefait,mefait,True
1,0.000000,mefait,mefait,True
1,0.000000,mefait,mefait,True
1,0.000000,mefait,mefait,True
1,0.000000,mefait,mefait,True
1,0.000000,mefait,mefait,True
1,0.000000,mefait,mefait,True
1,0.000000,mefait,mefait,True
1,0.000000,mefait,mefait,True
1,0.000000,mefait,mefait,True
1,0.000000,mefait,mefait,True
1,0.000000,mefait,mefait,True
1,0.000000,mefait,mefait,True
1,0.000000,mefait,mefait,True
1,0.000000,mefait,mefait,True
1,0.000000,mhwill,mhwill,True
1,0.000000,mhwill,mhwill,True
1,0.000000,mhwill,mhwill,True
1,0.000000,mhwill,mhwill,True
1,0.000000,mhwill,mhwill,True
1,0.000000,mhwill,mhwill,True
1,0.000000,mhwill,mhwill,True
1,0.000000,mhwill,mhwill,True
1,0.000000,mhwill,mhwill,True
1,0.000000,mhwill,mhwill,True
1,0.000000,mhwill,mhwill,True
1,0.000000,mhwill,mhwill,True
1,0.000000,mhwill,mhwill,True
1,0.000000,mhwill,mhwill,True
1,0.000000,mhwill,mhwill,True
1,0.000000,mhwill,mhwill,True
1,0.000000,mhwill,mhwill,True
1,0.000000,mhwill,mhwill,True
0,0.000000,mhwill,sidick,False
1,0.000000,miaduc,miaduc,True
0,0.000000,miaduc,djbirc,False
1,0.000000,miaduc,miaduc,True
1,0.000000,miaduc,miaduc,True
1,0.000000,miaduc,miaduc,True
0,0.000000,miaduc,djbirc,False
1,0.000000,miaduc,miaduc,True
1,0.000000,miaduc,miaduc,True
1,0.000000,miaduc,miaduc,True
1,0.000000,miaduc,miaduc,True
0,0.000000,miaduc,djbirc,False
1,0.000000,miaduc,miaduc,True
1,0.000000,miaduc,miaduc,True
1,0.000000,miaduc,miaduc,True
1,0.000000,miaduc,miaduc,True
1,0.000000,miaduc,miaduc,True
1,0.000000,miaduc,miaduc,True
1,0.000000,miaduc,miaduc,True
1,0.000000,miaduc,miaduc,True
0,0.000000,mjhans,gjnorm,False
0,0.000000,mjhans,gpsmit,False
0,0.000000,mjhans,jrtobi,False
1,0.000000,mjhans,mjhans,True
0,0.000000,mjhans,djbirc,False
0,0.000000,mjhans,gpsmit,False
0,0.000000,mjhans,gpsmit,False
0,0.000000,mjhans,djbirc,False
0,0.000000,mjhans,djbirc,False
0,0.000000,mjhans,djbirc,False
0,0.000000,mjhans,djbirc,False
1,0.000000,mjhans,mjhans,True
1,0.000000,mjhans,mjhans,True
1,0.000000,mjhans,mjhans,True
0,0.000000,mjhans,djbirc,False
0,0.000000,mjhans,djbirc,False
0,0.000000,mjhans,gjnorm,False
0,0.000000,mjhans,gjnorm,False
0,0.000000,mjhans,gjnorm,False
1,0.000000,mpetti,mpetti,True
1,0.000000,mpetti,mpetti,True
1,0.000000,mpetti,mpetti,True
1,0.000000,mpetti,mpetti,True
1,0.000000,mpetti,mpetti,True
1,0.000000,mpetti,mpetti,True
1,0.000000,mpetti,mpetti,True
1,0.000000,mpetti,mpetti,True
1,0.000000,mpetti,mpetti,True
1,0.000000,mpetti,mpetti,True
1,0.000000,mpetti,mpetti,True
1,0.000000,mpetti,mpetti,True
1,0.000000,mpetti,mpetti,True
1,0.000000,mpetti,mpetti,True
1,0.000000,mpetti,mpetti,True
1,0.000000,mpetti,mpetti,True
1,0.000000,mpetti,mpetti,True
1,0.000000,mpetti,mpetti,True
1,0.000000,mpetti,mpetti,True
1,0.000000,muthay,muthay,True
1,0.000000,muthay,muthay,True
1,0.000000,muthay,muthay,True
1,0.000000,muthay,muthay,True
1,0.000000,muthay,muthay,True
1,0.000000,muthay,muthay,True
1,0.000000,muthay,muthay,True
1,0.000000,muthay,muthay,True
1,0.000000,muthay,muthay,True
1,0.000000,muthay,muthay,True
1,0.000000,muthay,muthay,True
1,0.000000,muthay,muthay,True
1,0.000000,muthay,muthay,True
1,0.000000,muthay,muthay,True
1,0.000000,muthay,muthay,True
1,0.000000,muthay,muthay,True
1,0.000000,muthay,muthay,True
1,0.000000,muthay,muthay,True
1,0.000000,muthay,muthay,True
1,0.000000,nahaig,nahaig,True
1,0.000000,nahaig,nahaig,True
1,0.000000,nahaig,nahaig,True
1,0.000000,nahaig,nahaig,True
1,0.000000,nahaig,nahaig,True
1,0.000000,nahaig,nahaig,True
1,0.000000,nahaig,nahaig,True
1,0.000000,nahaig,nahaig,True
1,0.000000,nahaig,nahaig,True
1,0.000000,nahaig,nahaig,True
1,0.000000,nahaig,nahaig,True
1,0.000000,nahaig,nahaig,True
1,0.000000,nahaig,nahaig,True
1,0.000000,nahaig,nahaig,True
1,0.000000,nahaig,nahaig,True
1,0.000000,nahaig,nahaig,True
1,0.000000,nahaig,nahaig,True
1,0.000000,nahaig,nahaig,True
1,0.000000,nahaig,nahaig,True
1,0.000000,namull,namull,True
1,0.000000,namull,namull,True
1,0.000000,namull,namull,True
1,0.000000,namull,namull,True
1,0.000000,namull,namull,True
1,0.000000,namull,namull,True
1,0.000000,namull,namull,True
1,0.000000,namull,namull,True
1,0.000000,namull,namull,True
1,0.000000,namull,namull,True
1,0.000000,namull,namull,True
1,0.000000,namull,namull,True
1,0.000000,namull,namull,True
1,0.000000,namull,namull,True
1,0.000000,namull,namull,True
1,0.000000,namull,namull,True
1,0.000000,namull,namull,True
1,0.000000,namull,namull,True
1,0.000000,namull,namull,True
1,0.000000,ndbank,ndbank,True
1,0.000000,ndbank,ndbank,True
1,0.000000,ndbank,ndbank,True
1,0.000000,ndbank,ndbank,True
1,0.000000,ndbank,ndbank,True
1,0.000000,ndbank,ndbank,True
1,0.000000,ndbank,ndbank,True
1,0.000000,ndbank,ndbank,True
1,0.000000,ndbank,ndbank,True
1,0.000000,ndbank,ndbank,True
1,0.000000,ndbank,ndbank,True
1,0.000000,ndbank,ndbank,True
1,0.000000,ndbank,ndbank,True
1,0.000000,ndbank,ndbank,True
1,0.000000,ndbank,ndbank,True
1,0.000000,ndbank,ndbank,True
1,0.000000,ndbank,ndbank,True
1,0.000000,ndbank,ndbank,True
1,0.000000,ndbank,ndbank,True
1,0.000000,ndhagu,ndhagu,True
1,0.000000,ndhagu,ndhagu,True
1,0.000000,ndhagu,ndhagu,True
1,0.000000,ndhagu,ndhagu,True
1,0.000000,ndhagu,ndhagu,True
1,0.000000,ndhagu,ndhagu,True
1,0.000000,ndhagu,ndhagu,True
1,0.000000,ndhagu,ndhagu,True
1,0.000000,ndhagu,ndhagu,True
1,0.000000,ndhagu,ndhagu,True
0,0.000000,ndhagu,namull,False
1,0.000000,ndhagu,ndhagu,True
1,0.000000,ndhagu,ndhagu,True
1,0.000000,ndhagu,ndhagu,True
1,0.000000,ndhagu,ndhagu,True
1,0.000000,ndhagu,ndhagu,True
1,0.000000,ndhagu,ndhagu,True
1,0.000000,ndhagu,ndhagu,True
1,0.000000,ndhagu,ndhagu,True
1,0.000000,nhrams,nhrams,True
1,0.000000,nhrams,nhrams,True
1,0.000000,nhrams,nhrams,True
1,0.000000,nhrams,nhrams,True
1,0.000000,nhrams,nhrams,True
1,0.000000,nhrams,nhrams,True
1,0.000000,nhrams,nhrams,True
1,0.000000,nhrams,nhrams,True
1,0.000000,nhrams,nhrams,True
1,0.000000,nhrams,nhrams,True
1,0.000000,nhrams,nhrams,True
1,0.000000,nhrams,nhrams,True
1,0.000000,nhrams,nhrams,True
1,0.000000,nhrams,nhrams,True
1,0.000000,nhrams,nhrams,True
1,0.000000,nhrams,nhrams,True
1,0.000000,nhrams,nhrams,True
1,0.000000,nhrams,nhrams,True
1,0.000000,nhrams,nhrams,True
1,0.000000,njmoor,njmoor,True
1,0.000000,njmoor,njmoor,True
1,0.000000,njmoor,njmoor,True
1,0.000000,njmoor,njmoor,True
1,0.000000,njmoor,njmoor,True
1,0.000000,njmoor,njmoor,True
1,0.000000,njmoor,njmoor,True
1,0.000000,njmoor,njmoor,True
1,0.000000,njmoor,njmoor,True
1,0.000000,njmoor,njmoor,True
1,0.000000,njmoor,njmoor,True
1,0.000000,njmoor,njmoor,True
1,0.000000,njmoor,njmoor,True
1,0.000000,njmoor,njmoor,True
1,0.000000,njmoor,njmoor,True
1,0.000000,njmoor,njmoor,True
1,0.000000,njmoor,njmoor,True
1,0.000000,njmoor,njmoor,True
1,0.000000,njmoor,njmoor,True
0,0.000000,npbour,jmedin,False
0,0.000000,npbour,jmedin,False
0,0.000000,npbour,jmedin,False
0,0.000000,npbour,jmedin,False
0,0.000000,npbour,jmedin,False
0,0.000000,npbour,jmedin,False
0,0.000000,npbour,jmedin,False
0,0.000000,npbour,jmedin,False
0,0.000000,npbour,spletc,False
0,0.000000,npbour,jmedin,False
0,0.000000,npbour,jmedin,False
0,0.000000,npbour,admars,False
0,0.000000,npbour,admars,False
0,0.000000,npbour,admars,False
0,0.000000,npbour,admars,False
0,0.000000,npbour,admars,False
0,0.000000,npbour,admars,False
0,0.000000,npbour,jmedin,False
0,0.000000,npbour,jmedin,False
1,0.000000,npmitc,npmitc,True
1,0.000000,npmitc,npmitc,True
1,0.000000,npmitc,npmitc,True
1,0.000000,npmitc,npmitc,True
1,0.000000,npmitc,npmitc,True
1,0.000000,npmitc,npmitc,True
1,0.000000,npmitc,npmitc,True
1,0.000000,npmitc,npmitc,True
1,0.000000,npmitc,npmitc,True
1,0.000000,npmitc,npmitc,True
1,0.000000,npmitc,npmitc,True
1,0.000000,npmitc,npmitc,True
1,0.000000,npmitc,npmitc,True
1,0.000000,npmitc,npmitc,True
1,0.000000,npmitc,npmitc,True
1,0.000000,npmitc,npmitc,True
1,0.000000,npmitc,npmitc,True
1,0.000000,npmitc,npmitc,True
1,0.000000,npmitc,npmitc,True
1,0.000000,nrclar,nrclar,True
1,0.000000,nrclar,nrclar,True
1,0.000000,nrclar,nrclar,True
1,0.000000,nrclar,nrclar,True
1,0.000000,nrclar,nrclar,True
1,0.000000,nrclar,nrclar,True
1,0.000000,nrclar,nrclar,True
1,0.000000,nrclar,nrclar,True
1,0.000000,nrclar,nrclar,True
1,0.000000,nrclar,nrclar,True
1,0.000000,nrclar,nrclar,True
1,0.000000,nrclar,nrclar,True
1,0.000000,nrclar,nrclar,True
1,0.000000,nrclar,nrclar,True
1,0.000000,nrclar,nrclar,True
1,0.000000,nrclar,nrclar,True
1,0.000000,nrclar,nrclar,True
1,0.000000,nrclar,nrclar,True
1,0.000000,nrclar,nrclar,True
1,0.000000,nrrbar,nrrbar,True
1,0.000000,nrrbar,nrrbar,True
1,0.000000,nrrbar,nrrbar,True
1,0.000000,nrrbar,nrrbar,True
1,0.000000,nrrbar,nrrbar,True
1,0.000000,nrrbar,nrrbar,True
1,0.000000,nrrbar,nrrbar,True
1,0.000000,nrrbar,nrrbar,True
1,0.000000,nrrbar,nrrbar,True
1,0.000000,nrrbar,nrrbar,True
1,0.000000,nrrbar,nrrbar,True
1,0.000000,nrrbar,nrrbar,True
1,0.000000,nrrbar,nrrbar,True
1,0.000000,nrrbar,nrrbar,True
1,0.000000,nrrbar,nrrbar,True
1,0.000000,nrrbar,nrrbar,True
1,0.000000,nrrbar,nrrbar,True
1,0.000000,nrrbar,nrrbar,True
1,0.000000,nrrbar,nrrbar,True
1,0.000000,nwilli,nwilli,True
1,0.000000,nwilli,nwilli,True
1,0.000000,nwilli,nwilli,True
1,0.000000,nwilli,nwilli,True
1,0.000000,nwilli,nwilli,True
1,0.000000,nwilli,nwilli,True
1,0.000000,nwilli,nwilli,True
1,0.000000,nwilli,nwilli,True
1,0.000000,nwilli,nwilli,True
1,0.000000,nwilli,nwilli,True
1,0.000000,nwilli,nwilli,True
1,0.000000,nwilli,nwilli,True
1,0.000000,nwilli,nwilli,True
1,0.000000,nwilli,nwilli,True
1,0.000000,nwilli,nwilli,True
1,0.000000,nwilli,nwilli,True
1,0.000000,nwilli,nwilli,True
1,0.000000,nwilli,nwilli,True
1,0.000000,nwilli,nwilli,True
1,0.000000,ohpark,ohpark,True
1,0.000000,ohpark,ohpark,True
1,0.000000,ohpark,ohpark,True
1,0.000000,ohpark,ohpark,True
1,0.000000,ohpark,ohpark,True
1,0.000000,ohpark,ohpark,True
1,0.000000,ohpark,ohpark,True
1,0.000000,ohpark,ohpark,True
1,0.000000,ohpark,ohpark,True
1,0.000000,ohpark,ohpark,True
1,0.000000,ohpark,ohpark,True
1,0.000000,ohpark,ohpark,True
1,0.000000,ohpark,ohpark,True
1,0.000000,ohpark,ohpark,True
1,0.000000,ohpark,ohpark,True
1,0.000000,ohpark,ohpark,True
1,0.000000,ohpark,ohpark,True
1,0.000000,ohpark,ohpark,True
1,0.000000,ohpark,ohpark,True
0,0.000000,pacole,ohpark,False
1,0.000000,pacole,pacole,True
1,0.000000,pacole,pacole,True
0,0.000000,pacole,ohpark,False
1,0.000000,pacole,pacole,True
1,0.000000,pacole,pacole,True
1,0.000000,pacole,pacole,True
1,0.000000,pacole,pacole,True
0,0.000000,pacole,ohpark,False
0,0.000000,pacole,ohpark,False
0,0.000000,pacole,ohpark,False
1,0.000000,pacole,pacole,True
1,0.000000,pacole,pacole,True
1,0.000000,pacole,pacole,True
1,0.000000,pacole,pacole,True
1,0.000000,pacole,pacole,True
1,0.000000,pacole,pacole,True
1,0.000000,pacole,pacole,True
1,0.000000,pacole,pacole,True
1,0.000000,pmives,pmives,True
1,0.000000,pmives,pmives,True
1,0.000000,pmives,pmives,True
1,0.000000,pmives,pmives,True
1,0.000000,pmives,pmives,True
1,0.000000,pmives,pmives,True
1,0.000000,pmives,pmives,True
1,0.000000,pmives,pmives,True
1,0.000000,pmives,pmives,True
1,0.000000,pmives,pmives,True
1,0.000000,pmives,pmives,True
1,0.000000,pmives,pmives,True
1,0.000000,pmives,pmives,True
1,0.000000,pmives,pmives,True
1,0.000000,pmives,pmives,True
1,0.000000,pmives,pmives,True
1,0.000000,pmives,pmives,True
1,0.000000,pmives,pmives,True
1,0.000000,pmives,pmives,True
1,0.000000,pshurr,pshurr,True
1,0.000000,pshurr,pshurr,True
1,0.000000,pshurr,pshurr,True
1,0.000000,pshurr,pshurr,True
1,0.000000,pshurr,pshurr,True
1,0.000000,pshurr,pshurr,True
1,0.000000,pshurr,pshurr,True
1,0.000000,pshurr,pshurr,True
1,0.000000,pshurr,pshurr,True
1,0.000000,pshurr,pshurr,True
1,0.000000,pshurr,pshurr,True
1,0.000000,pshurr,pshurr,True
1,0.000000,pshurr,pshurr,True
1,0.000000,pshurr,pshurr,True
1,0.000000,pshurr,pshurr,True
1,0.000000,pshurr,pshurr,True
1,0.000000,pshurr,pshurr,True
1,0.000000,pshurr,pshurr,True
1,0.000000,pshurr,pshurr,True
1,0.000000,pspliu,pspliu,True
1,0.000000,pspliu,pspliu,True
1,0.000000,pspliu,pspliu,True
1,0.000000,pspliu,pspliu,True
1,0.000000,pspliu,pspliu,True
1,0.000000,pspliu,pspliu,True
1,0.000000,pspliu,pspliu,True
1,0.000000,pspliu,pspliu,True
1,0.000000,pspliu,pspliu,True
1,0.000000,pspliu,pspliu,True
1,0.000000,pspliu,pspliu,True
1,0.000000,pspliu,pspliu,True
1,0.000000,pspliu,pspliu,True
1,0.000000,pspliu,pspliu,True
1,0.000000,pspliu,pspliu,True
1,0.000000,pspliu,pspliu,True
1,0.000000,pspliu,pspliu,True
1,0.000000,pspliu,pspliu,True
1,0.000000,pspliu,pspliu,True
1,0.000000,ptnich,ptnich,True
1,0.000000,ptnich,ptnich,True
1,0.000000,ptnich,ptnich,True
1,0.000000,ptnich,ptnich,True
1,0.000000,ptnich,ptnich,True
1,0.000000,ptnich,ptnich,True
1,0.000000,ptnich,ptnich,True
1,0.000000,ptnich,ptnich,True
1,0.000000,ptnich,ptnich,True
1,0.000000,ptnich,ptnich,True
1,0.000000,ptnich,ptnich,True
1,0.000000,ptnich,ptnich,True
1,0.000000,ptnich,ptnich,True
1,0.000000,ptnich,ptnich,True
1,0.000000,ptnich,ptnich,True
1,0.000000,ptnich,ptnich,True
1,0.000000,ptnich,ptnich,True
0,0.000000,ptnich,slbirc,False
1,0.000000,ptnich,ptnich,True
1,0.000000,rarobi,rarobi,True
1,0.000000,rarobi,rarobi,True
1,0.000000,rarobi,rarobi,True
1,0.000000,rarobi,rarobi,True
1,0.000000,rarobi,rarobi,True
1,0.000000,rarobi,rarobi,True
1,0.000000,rarobi,rarobi,True
1,0.000000,rarobi,rarobi,True
1,0.000000,rarobi,rarobi,True
1,0.000000,rarobi,rarobi,True
1,0.000000,rarobi,rarobi,True
1,0.000000,rarobi,rarobi,True
1,0.000000,rarobi,rarobi,True
1,0.000000,rarobi,rarobi,True
1,0.000000,rarobi,rarobi,True
1,0.000000,rarobi,rarobi,True
1,0.000000,rarobi,rarobi,True
1,0.000000,rarobi,rarobi,True
1,0.000000,rarobi,rarobi,True
1,0.000000,rgharr,rgharr,True
1,0.000000,rgharr,rgharr,True
1,0.000000,rgharr,rgharr,True
1,0.000000,rgharr,rgharr,True
1,0.000000,rgharr,rgharr,True
1,0.000000,rgharr,rgharr,True
1,0.000000,rgharr,rgharr,True
1,0.000000,rgharr,rgharr,True
1,0.000000,rgharr,rgharr,True
1,0.000000,rgharr,rgharr,True
1,0.000000,rgharr,rgharr,True
1,0.000000,rgharr,rgharr,True
1,0.000000,rgharr,rgharr,True
1,0.000000,rgharr,rgharr,True
1,0.000000,rgharr,rgharr,True
1,0.000000,rgharr,rgharr,True
1,0.000000,rgharr,rgharr,True
1,0.000000,rgharr,rgharr,True
1,0.000000,rgharr,rgharr,True
1,0.000000,rgspru,rgspru,True
1,0.000000,rgspru,rgspru,True
1,0.000000,rgspru,rgspru,True
1,0.000000,rgspru,rgspru,True
1,0.000000,rgspru,rgspru,True
1,0.000000,rgspru,rgspru,True
1,0.000000,rgspru,rgspru,True
1,0.000000,rgspru,rgspru,True
1,0.000000,rgspru,rgspru,True
1,0.000000,rgspru,rgspru,True
1,0.000000,rgspru,rgspru,True
1,0.000000,rgspru,rgspru,True
1,0.000000,rgspru,rgspru,True
1,0.000000,rgspru,rgspru,True
1,0.000000,rgspru,rgspru,True
1,0.000000,rgspru,rgspru,True
1,0.000000,rgspru,rgspru,True
1,0.000000,rgspru,rgspru,True
1,0.000000,rgspru,rgspru,True
1,0.000000,rjlabr,rjlabr,True
1,0.000000,rjlabr,rjlabr,True
1,0.000000,rjlabr,rjlabr,True
1,0.000000,rjlabr,rjlabr,True
1,0.000000,rjlabr,rjlabr,True
1,0.000000,rjlabr,rjlabr,True
1,0.000000,rjlabr,rjlabr,True
1,0.000000,rjlabr,rjlabr,True
1,0.000000,rjlabr,rjlabr,True
1,0.000000,rjlabr,rjlabr,True
1,0.000000,rjlabr,rjlabr,True
1,0.000000,rjlabr,rjlabr,True
1,0.000000,rjlabr,rjlabr,True
1,0.000000,rjlabr,rjlabr,True
1,0.000000,rjlabr,rjlabr,True
1,0.000000,rjlabr,rjlabr,True
1,0.000000,rjlabr,rjlabr,True
1,0.000000,rjlabr,rjlabr,True
1,0.000000,rjlabr,rjlabr,True
1,0.000000,rlocke,rlocke,True
1,0.000000,rlocke,rlocke,True
1,0.000000,rlocke,rlocke,True
1,0.000000,rlocke,rlocke,True
1,0.000000,rlocke,rlocke,True
1,0.000000,rlocke,rlocke,True
1,0.000000,rlocke,rlocke,True
1,0.000000,rlocke,rlocke,True
1,0.000000,rlocke,rlocke,True
1,0.000000,rlocke,rlocke,True
1,0.000000,rlocke,rlocke,True
1,0.000000,rlocke,rlocke,True
1,0.000000,rlocke,rlocke,True
1,0.000000,rlocke,rlocke,True
1,0.000000,rlocke,rlocke,True
1,0.000000,rlocke,rlocke,True
1,0.000000,rlocke,rlocke,True
1,0.000000,rlocke,rlocke,True
1,0.000000,rlocke,rlocke,True
1,0.000000,rmcoll,rmcoll,True
1,0.000000,rmcoll,rmcoll,True
1,0.000000,rmcoll,rmcoll,True
1,0.000000,rmcoll,rmcoll,True
1,0.000000,rmcoll,rmcoll,True
1,0.000000,rmcoll,rmcoll,True
1,0.000000,rmcoll,rmcoll,True
1,0.000000,rmcoll,rmcoll,True
1,0.000000,rmcoll,rmcoll,True
1,0.000000,rmcoll,rmcoll,True
1,0.000000,rmcoll,rmcoll,True
1,0.000000,rmcoll,rmcoll,True
1,0.000000,rmcoll,rmcoll,True
1,0.000000,rmcoll,rmcoll,True
1,0.000000,rmcoll,rmcoll,True
1,0.000000,rmcoll,rmcoll,True
1,0.000000,rmcoll,rmcoll,True
1,0.000000,rmcoll,rmcoll,True
1,0.000000,rmcoll,rmcoll,True
1,0.000000,rmpugh,rmpugh,True
1,0.000000,rmpugh,rmpugh,True
1,0.000000,rmpugh,rmpugh,True
1,0.000000,rmpugh,rmpugh,True
1,0.000000,rmpugh,rmpugh,True
1,0.000000,rmpugh,rmpugh,True
1,0.000000,rmpugh,rmpugh,True
1,0.000000,rmpugh,rmpugh,True
1,0.000000,rmpugh,rmpugh,True
1,0.000000,rmpugh,rmpugh,True
1,0.000000,rmpugh,rmpugh,True
1,0.000000,rmpugh,rmpugh,True
1,0.000000,rmpugh,rmpugh,True
1,0.000000,rmpugh,rmpugh,True
1,0.000000,rmpugh,rmpugh,True
1,0.000000,rmpugh,rmpugh,True
1,0.000000,rmpugh,rmpugh,True
1,0.000000,rmpugh,rmpugh,True
1,0.000000,rmpugh,rmpugh,True
1,0.000000,rnpwil,rnpwil,True
1,0.000000,rnpwil,rnpwil,True
1,0.000000,rnpwil,rnpwil,True
1,0.000000,rnpwil,rnpwil,True
1,0.000000,rnpwil,rnpwil,True
1,0.000000,rnpwil,rnpwil,True
1,0.000000,rnpwil,rnpwil,True
1,0.000000,rnpwil,rnpwil,True
1,0.000000,rnpwil,rnpwil,True
1,0.000000,rnpwil,rnpwil,True
1,0.000000,rnpwil,rnpwil,True
1,0.000000,rnpwil,rnpwil,True
1,0.000000,rnpwil,rnpwil,True
1,0.000000,rnpwil,rnpwil,True
1,0.000000,rnpwil,rnpwil,True
1,0.000000,rnpwil,rnpwil,True
1,0.000000,rnpwil,rnpwil,True
1,0.000000,rnpwil,rnpwil,True
1,0.000000,rnpwil,rnpwil,True
0,0.000000,rrowle,pmives,False
1,0.000000,rrowle,rrowle,True
1,0.000000,rrowle,rrowle,True
1,0.000000,rrowle,rrowle,True
1,0.000000,rrowle,rrowle,True
1,0.000000,rrowle,rrowle,True
1,0.000000,rrowle,rrowle,True
1,0.000000,rrowle,rrowle,True
1,0.000000,rrowle,rrowle,True
1,0.000000,rrowle,rrowle,True
1,0.000000,rrowle,rrowle,True
1,0.000000,rrowle,rrowle,True
1,0.000000,rrowle,rrowle,True
1,0.000000,rrowle,rrowle,True
1,0.000000,rrowle,rrowle,True
1,0.000000,rrowle,rrowle,True
1,0.000000,rrowle,rrowle,True
1,0.000000,rrowle,rrowle,True
1,0.000000,rrowle,rrowle,True
1,0.000000,rsanti,rsanti,True
1,0.000000,rsanti,rsanti,True
1,0.000000,rsanti,rsanti,True
1,0.000000,rsanti,rsanti,True
1,0.000000,rsanti,rsanti,True
1,0.000000,rsanti,rsanti,True
1,0.000000,rsanti,rsanti,True
1,0.000000,rsanti,rsanti,True
1,0.000000,rsanti,rsanti,True
1,0.000000,rsanti,rsanti,True
1,0.000000,rsanti,rsanti,True
1,0.000000,rsanti,rsanti,True
1,0.000000,rsanti,rsanti,True
1,0.000000,rsanti,rsanti,True
1,0.000000,rsanti,rsanti,True
1,0.000000,rsanti,rsanti,True
1,0.000000,rsanti,rsanti,True
1,0.000000,rsanti,rsanti,True
1,0.000000,rsanti,rsanti,True
1,0.000000,saduah,saduah,True
1,0.000000,saduah,saduah,True
1,0.000000,saduah,saduah,True
1,0.000000,saduah,saduah,True
1,0.000000,saduah,saduah,True
1,0.000000,saduah,saduah,True
1,0.000000,saduah,saduah,True
1,0.000000,saduah,saduah,True
1,0.000000,saduah,saduah,True
1,0.000000,saduah,saduah,True
1,0.000000,saduah,saduah,True
1,0.000000,saduah,saduah,True
1,0.000000,saduah,saduah,True
1,0.000000,saduah,saduah,True
1,0.000000,saduah,saduah,True
1,0.000000,saduah,saduah,True
1,0.000000,saduah,saduah,True
1,0.000000,saduah,saduah,True
1,0.000000,saduah,saduah,True
1,0.000000,saedwa,saedwa,True
1,0.000000,saedwa,saedwa,True
1,0.000000,saedwa,saedwa,True
1,0.000000,saedwa,saedwa,True
1,0.000000,saedwa,saedwa,True
1,0.000000,saedwa,saedwa,True
1,0.000000,saedwa,saedwa,True
1,0.000000,saedwa,saedwa,True
1,0.000000,saedwa,saedwa,True
1,0.000000,saedwa,saedwa,True
1,0.000000,saedwa,saedwa,True
1,0.000000,saedwa,saedwa,True
1,0.000000,saedwa,saedwa,True
1,0.000000,saedwa,saedwa,True
1,0.000000,saedwa,saedwa,True
1,0.000000,saedwa,saedwa,True
1,0.000000,saedwa,saedwa,True
1,0.000000,saedwa,saedwa,True
1,0.000000,saedwa,saedwa,True
1,0.000000,sidick,sidick,True
1,0.000000,sidick,sidick,True
1,0.000000,sidick,sidick,True
1,0.000000,sidick,sidick,True
1,0.000000,sidick,sidick,True
1,0.000000,sidick,sidick,True
1,0.000000,sidick,sidick,True
1,0.000000,sidick,sidick,True
1,0.000000,sidick,sidick,True
1,0.000000,sidick,sidick,True
1,0.000000,sidick,sidick,True
1,0.000000,sidick,sidick,True
1,0.000000,sidick,sidick,True
1,0.000000,sidick,sidick,True
1,0.000000,sidick,sidick,True
1,0.000000,sidick,sidick,True
1,0.000000,sidick,sidick,True
1,0.000000,sidick,sidick,True
1,0.000000,sidick,sidick,True
1,0.000000,sjbeck,sjbeck,True
1,0.000000,sjbeck,sjbeck,True
1,0.000000,sjbeck,sjbeck,True
1,0.000000,sjbeck,sjbeck,True
1,0.000000,sjbeck,sjbeck,True
1,0.000000,sjbeck,sjbeck,True
1,0.000000,sjbeck,sjbeck,True
1,0.000000,sjbeck,sjbeck,True
1,0.000000,sjbeck,sjbeck,True
1,0.000000,sjbeck,sjbeck,True
1,0.000000,sjbeck,sjbeck,True
1,0.000000,sjbeck,sjbeck,True
1,0.000000,sjbeck,sjbeck,True
1,0.000000,sjbeck,sjbeck,True
1,0.000000,sjbeck,sjbeck,True
1,0.000000,sjbeck,sjbeck,True
1,0.000000,sjbeck,sjbeck,True
1,0.000000,sjbeck,sjbeck,True
1,0.000000,sjbeck,sjbeck,True
1,0.000000,skumar,skumar,True
1,0.000000,skumar,skumar,True
1,0.000000,skumar,skumar,True
1,0.000000,skumar,skumar,True
1,0.000000,skumar,skumar,True
1,0.000000,skumar,skumar,True
1,0.000000,skumar,skumar,True
1,0.000000,skumar,skumar,True
1,0.000000,skumar,skumar,True
1,0.000000,skumar,skumar,True
1,0.000000,skumar,skumar,True
1,0.000000,skumar,skumar,True
1,0.000000,skumar,skumar,True
1,0.000000,skumar,skumar,True
1,0.000000,skumar,skumar,True
1,0.000000,skumar,skumar,True
1,0.000000,skumar,skumar,True
1,0.000000,skumar,skumar,True
1,0.000000,skumar,skumar,True
1,0.000000,smrobb,smrobb,True
1,0.000000,smrobb,smrobb,True
1,0.000000,smrobb,smrobb,True
1,0.000000,smrobb,smrobb,True
1,0.000000,smrobb,smrobb,True
1,0.000000,smrobb,smrobb,True
1,0.000000,smrobb,smrobb,True
1,0.000000,smrobb,smrobb,True
1,0.000000,smrobb,smrobb,True
1,0.000000,smrobb,smrobb,True
1,0.000000,smrobb,smrobb,True
1,0.000000,smrobb,smrobb,True
1,0.000000,smrobb,smrobb,True
1,0.000000,smrobb,smrobb,True
1,0.000000,smrobb,smrobb,True
1,0.000000,smrobb,smrobb,True
1,0.000000,smrobb,smrobb,True
1,0.000000,smrobb,smrobb,True
1,0.000000,smrobb,smrobb,True
1,0.000000,spletc,spletc,True
1,0.000000,spletc,spletc,True
1,0.000000,spletc,spletc,True
1,0.000000,spletc,spletc,True
1,0.000000,spletc,spletc,True
1,0.000000,spletc,spletc,True
1,0.000000,spletc,spletc,True
1,0.000000,spletc,spletc,True
1,0.000000,spletc,spletc,True
1,0.000000,spletc,spletc,True
1,0.000000,spletc,spletc,True
1,0.000000,spletc,spletc,True
1,0.000000,spletc,spletc,True
1,0.000000,spletc,spletc,True
1,0.000000,spletc,spletc,True
1,0.000000,spletc,spletc,True
1,0.000000,spletc,spletc,True
1,0.000000,spletc,spletc,True
1,0.000000,spletc,spletc,True
1,0.000000,svkriz,svkriz,True
1,0.000000,svkriz,svkriz,True
1,0.000000,svkriz,svkriz,True
1,0.000000,svkriz,svkriz,True
1,0.000000,svkriz,svkriz,True
1,0.000000,svkriz,svkriz,True
1,0.000000,svkriz,svkriz,True
1,0.000000,svkriz,svkriz,True
1,0.000000,svkriz,svkriz,True
1,0.000000,svkriz,svkriz,True
1,0.000000,svkriz,svkriz,True
1,0.000000,svkriz,svkriz,True
1,0.000000,svkriz,svkriz,True
1,0.000000,svkriz,svkriz,True
1,0.000000,svkriz,svkriz,True
1,0.000000,svkriz,svkriz,True
1,0.000000,svkriz,svkriz,True
1,0.000000,svkriz,svkriz,True
1,0.000000,svkriz,svkriz,True
1,0.000000,swewin,swewin,True
1,0.000000,swewin,swewin,True
0,0.000000,swewin,djbirc,False
1,0.000000,swewin,swewin,True
1,0.000000,swewin,swewin,True
1,0.000000,swewin,swewin,True
1,0.000000,swewin,swewin,True
1,0.000000,swewin,swewin,True
0,0.000000,swewin,djbirc,False
1,0.000000,swewin,swewin,True
1,0.000000,swewin,swewin,True
1,0.000000,swewin,swewin,True
1,0.000000,swewin,swewin,True
1,0.000000,swewin,swewin,True
1,0.000000,swewin,swewin,True
1,0.000000,swewin,swewin,True
1,0.000000,swewin,swewin,True
1,0.000000,swewin,swewin,True
1,0.000000,swewin,swewin,True
1,0.000000,swsmit,swsmit,True
1,0.000000,swsmit,swsmit,True
1,0.000000,swsmit,swsmit,True
1,0.000000,swsmit,swsmit,True
1,0.000000,swsmit,swsmit,True
1,0.000000,swsmit,swsmit,True
1,0.000000,swsmit,swsmit,True
1,0.000000,swsmit,swsmit,True
1,0.000000,swsmit,swsmit,True
1,0.000000,swsmit,swsmit,True
1,0.000000,swsmit,swsmit,True
1,0.000000,swsmit,swsmit,True
1,0.000000,swsmit,swsmit,True
1,0.000000,swsmit,swsmit,True
1,0.000000,swsmit,swsmit,True
1,0.000000,swsmit,swsmit,True
1,0.000000,swsmit,swsmit,True
1,0.000000,swsmit,swsmit,True
1,0.000000,swsmit,swsmit,True
0,0.000000,vpsavo,mpetti,False
1,0.000000,vpsavo,vpsavo,True
0,0.000000,vpsavo,cshubb,False
0,0.000000,vpsavo,mpetti,False
0,0.000000,vpsavo,cshubb,False
0,0.000000,vpsavo,cshubb,False
0,0.000000,vpsavo,asewil,False
0,0.000000,vpsavo,cshubb,False
1,0.000000,vpsavo,vpsavo,True
0,0.000000,vpsavo,rnpwil,False
1,0.000000,vpsavo,vpsavo,True
1,0.000000,vpsavo,vpsavo,True
1,0.000000,vpsavo,vpsavo,True
1,0.000000,vpsavo,vpsavo,True
1,0.000000,vpsavo,vpsavo,True
1,0.000000,vpsavo,vpsavo,True
1,0.000000,vpsavo,vpsavo,True
1,0.000000,vpsavo,vpsavo,True
1,0.000000,vpsavo,vpsavo,True
1,0.000000,whussa,whussa,True
1,0.000000,whussa,whussa,True
1,0.000000,whussa,whussa,True
1,0.000000,whussa,whussa,True
1,0.000000,whussa,whussa,True
1,0.000000,whussa,whussa,True
1,0.000000,whussa,whussa,True
1,0.000000,whussa,whussa,True
1,0.000000,whussa,whussa,True
1,0.000000,whussa,whussa,True
1,0.000000,whussa,whussa,True
1,0.000000,whussa,whussa,True
1,0.000000,whussa,whussa,True
1,0.000000,whussa,whussa,True
1,0.000000,whussa,whussa,True
1,0.000000,whussa,whussa,True
1,0.000000,whussa,whussa,True
1,0.000000,whussa,whussa,True
1,0.000000,whussa,whussa,True
1,0.000000,wjalbe,wjalbe,True
1,0.000000,wjalbe,wjalbe,True
1,0.000000,wjalbe,wjalbe,True
1,0.000000,wjalbe,wjalbe,True
1,0.000000,wjalbe,wjalbe,True
1,0.000000,wjalbe,wjalbe,True
1,0.000000,wjalbe,wjalbe,True
1,0.000000,wjalbe,wjalbe,True
1,0.000000,wjalbe,wjalbe,True
1,0.000000,wjalbe,wjalbe,True
1,0.000000,wjalbe,wjalbe,True
1,0.000000,wjalbe,wjalbe,True
1,0.000000,wjalbe,wjalbe,True
1,0.000000,wjalbe,wjalbe,True
1,0.000000,wjalbe,wjalbe,True
1,0.000000,wjalbe,wjalbe,True
1,0.000000,wjalbe,wjalbe,True
1,0.000000,wjalbe,wjalbe,True
1,0.000000,wjalbe,wjalbe,True
1,0.000000,anonym,anonym,True
1,0.000000,anonym,anonym,True
1,0.000000,anonym,anonym,True
1,0.000000,anonym,anonym,True
1,0.000000,anonym,anonym,True
1,0.000000,anonym,anonym,True
1,0.000000,anonym,anonym,True
1,0.000000,anonym,anonym,True
1,0.000000,anonym,anonym,True
1,0.000000,anonym,anonym,True
1,0.000000,anonym,anonym,True
1,0.000000,anonym,anonym,True
1,0.000000,anonym,anonym,True
1,0.000000,anonym,anonym,True
1,0.000000,anonym,anonym,True
1,0.000000,anonym,anonym,True
1,0.000000,anonym,anonym,True
1,0.000000,anonym,anonym,True
1,0.000000,anonym,anonym,True
1,0.000000,anonym1,anonym1,True
1,0.000000,anonym1,anonym1,True
1,0.000000,anonym1,anonym1,True
1,0.000000,anonym1,anonym1,True
1,0.000000,anonym1,anonym1,True
1,0.000000,anonym1,anonym1,True
1,0.000000,anonym1,anonym1,True
1,0.000000,anonym1,anonym1,True
1,0.000000,anonym1,anonym1,True
1,0.000000,anonym1,anonym1,True
1,0.000000,anonym1,anonym1,True
1,0.000000,anonym1,anonym1,True
1,0.000000,anonym1,anonym1,True
1,0.000000,anonym1,anonym1,True
1,0.000000,anonym1,anonym1,True
1,0.000000,anonym1,anonym1,True
1,0.000000,anonym1,anonym1,True
1,0.000000,anonym1,anonym1,True
1,0.000000,anonym1,anonym1,True
1,0.000000,anonym2,anonym2,True
1,0.000000,anonym2,anonym2,True
1,0.000000,anonym2,anonym2,True
1,0.000000,anonym2,anonym2,True
1,0.000000,anonym2,anonym2,True
1,0.000000,anonym2,anonym2,True
1,0.000000,anonym2,anonym2,True
1,0.000000,anonym2,anonym2,True
1,0.000000,anonym2,anonym2,True
1,0.000000,anonym2,anonym2,True
1,0.000000,anonym2,anonym2,True
1,0.000000,anonym2,anonym2,True
1,0.000000,anonym2,anonym2,True
1,0.000000,anonym2,anonym2,True
1,0.000000,anonym2,anonym2,True
1,0.000000,anonym2,anonym2,True
1,0.000000,anonym2,anonym2,True
1,0.000000,anonym2,anonym2,True
1,0.000000,anonym2,anonym2,True
1,0.000000,cwang,cwang,True
1,0.000000,cwang,cwang,True
1,0.000000,cwang,cwang,True
1,0.000000,cwang,cwang,True
1,0.000000,cwang,cwang,True
1,0.000000,cwang,cwang,True
1,0.000000,cwang,cwang,True
1,0.000000,cwang,cwang,True
1,0.000000,cwang,cwang,True
1,0.000000,cwang,cwang,True
1,0.000000,cwang,cwang,True
1,0.000000,cwang,cwang,True
1,0.000000,cwang,cwang,True
1,0.000000,cwang,cwang,True
1,0.000000,cwang,cwang,True
1,0.000000,cwang,cwang,True
1,0.000000,cwang,cwang,True
1,0.000000,cwang,cwang,True
1,0.000000,cwang,cwang,True
0,0.000000,doraj,smrobb,False
1,0.000000,doraj,doraj,True
1,0.000000,doraj,doraj,True
1,0.000000,doraj,doraj,True
0,0.000000,doraj,smrobb,False
1,0.000000,doraj,doraj,True
1,0.000000,doraj,doraj,True
0,0.000000,doraj,whussa,False
1,0.000000,doraj,doraj,True
1,0.000000,doraj,doraj,True
1,0.000000,doraj,doraj,True
0,0.000000,doraj,smrobb,False
1,0.000000,doraj,doraj,True
1,0.000000,doraj,doraj,True
1,0.000000,doraj,doraj,True
0,0.000000,doraj,smrobb,False
1,0.000000,doraj,doraj,True
0,0.000000,doraj,smrobb,False
1,0.000000,doraj,doraj,True
1,0.000000,fordj,fordj,True
1,0.000000,fordj,fordj,True
1,0.000000,fordj,fordj,True
1,0.000000,fordj,fordj,True
1,0.000000,fordj,fordj,True
1,0.000000,fordj,fordj,True
1,0.000000,fordj,fordj,True
1,0.000000,fordj,fordj,True
1,0.000000,fordj,fordj,True
1,0.000000,fordj,fordj,True
1,0.000000,fordj,fordj,True
1,0.000000,fordj,fordj,True
1,0.000000,fordj,fordj,True
1,0.000000,fordj,fordj,True
1,0.000000,fordj,fordj,True
1,0.000000,fordj,fordj,True
1,0.000000,fordj,fordj,True
1,0.000000,fordj,fordj,True
1,0.000000,fordj,fordj,True
1,0.000000,hartb,hartb,True
1,0.000000,hartb,hartb,True
1,0.000000,hartb,hartb,True
1,0.000000,hartb,hartb,True
1,0.000000,hartb,hartb,True
1,0.000000,hartb,hartb,True
1,0.000000,hartb,hartb,True
1,0.000000,hartb,hartb,True
1,0.000000,hartb,hartb,True
1,0.000000,hartb,hartb,True
1,0.000000,hartb,hartb,True
1,0.000000,hartb,hartb,True
1,0.000000,hartb,hartb,True
1,0.000000,hartb,hartb,True
1,0.000000,hartb,hartb,True
1,0.000000,hartb,hartb,True
1,0.000000,hartb,hartb,True
1,0.000000,hartb,hartb,True
1,0.000000,hartb,hartb,True
1,0.000000,hensm,hensm,True
1,0.000000,hensm,hensm,True
1,0.000000,hensm,hensm,True
1,0.000000,hensm,hensm,True
1,0.000000,hensm,hensm,True
1,0.000000,hensm,hensm,True
0,0.000000,hensm,akatsi,False
0,0.000000,hensm,akatsi,False
1,0.000000,hensm,hensm,True
0,0.000000,hensm,akatsi,False
0,0.000000,hensm,jrtobi,False
1,0.000000,hensm,hensm,True
1,0.000000,hensm,hensm,True
1,0.000000,hensm,hensm,True
1,0.000000,hensm,hensm,True
1,0.000000,hensm,hensm,True
1,0.000000,hensm,hensm,True
1,0.000000,hensm,hensm,True
1,0.000000,hensm,hensm,True
1,0.000000,ieorf,ieorf,True
1,0.000000,ieorf,ieorf,True
1,0.000000,ieorf,ieorf,True
1,0.000000,ieorf,ieorf,True
1,0.000000,ieorf,ieorf,True
1,0.000000,ieorf,ieorf,True
1,0.000000,ieorf,ieorf,True
1,0.000000,ieorf,ieorf,True
1,0.000000,ieorf,ieorf,True
1,0.000000,ieorf,ieorf,True
1,0.000000,ieorf,ieorf,True
1,0.000000,ieorf,ieorf,True
1,0.000000,ieorf,ieorf,True
1,0.000000,ieorf,ieorf,True
1,0.000000,ieorf,ieorf,True
1,0.000000,ieorf,ieorf,True
1,0.000000,ieorf,ieorf,True
1,0.000000,ieorf,ieorf,True
1,0.000000,ieorf,ieorf,True
1,0.000000,lyond,lyond,True
1,0.000000,lyond,lyond,True
1,0.000000,lyond,lyond,True
1,0.000000,lyond,lyond,True
1,0.000000,lyond,lyond,True
1,0.000000,lyond,lyond,True
1,0.000000,lyond,lyond,True
1,0.000000,lyond,lyond,True
1,0.000000,lyond,lyond,True
1,0.000000,lyond,lyond,True
1,0.000000,lyond,lyond,True
1,0.000000,lyond,lyond,True
1,0.000000,lyond,lyond,True
1,0.000000,lyond,lyond,True
1,0.000000,lyond,lyond,True
1,0.000000,lyond,lyond,True
1,0.000000,lyond,lyond,True
1,0.000000,lyond,lyond,True
1,0.000000,lyond,lyond,True
1,0.000000,macci,macci,True
1,0.000000,macci,macci,True
1,0.000000,macci,macci,True
1,0.000000,macci,macci,True
1,0.000000,macci,macci,True
1,0.000000,macci,macci,True
1,0.000000,macci,macci,True
1,0.000000,macci,macci,True
1,0.000000,macci,macci,True
1,0.000000,macci,macci,True
1,0.000000,macci,macci,True
1,0.000000,macci,macci,True
1,0.000000,macci,macci,True
1,0.000000,macci,macci,True
1,0.000000,macci,macci,True
1,0.000000,macci,macci,True
1,0.000000,macci,macci,True
1,0.000000,macci,macci,True
1,0.000000,macci,macci,True
1,0.000000,martin,martin,True
1,0.000000,martin,martin,True
1,0.000000,martin,martin,True
1,0.000000,martin,martin,True
1,0.000000,martin,martin,True
1,0.000000,martin,martin,True
1,0.000000,martin,martin,True
1,0.000000,martin,martin,True
1,0.000000,martin,martin,True
1,0.000000,martin,martin,True
1,0.000000,martin,martin,True
1,0.000000,martin,martin,True
1,0.000000,martin,martin,True
1,0.000000,martin,martin,True
1,0.000000,martin,martin,True
1,0.000000,martin,martin,True
1,0.000000,martin,martin,True
1,0.000000,martin,martin,True
1,0.000000,martin,martin,True
1,0.000000,michael,michael,True
1,0.000000,michael,michael,True
1,0.000000,michael,michael,True
1,0.000000,michael,michael,True
1,0.000000,michael,michael,True
1,0.000000,michael,michael,True
1,0.000000,michael,michael,True
1,0.000000,michael,michael,True
1,0.000000,michael,michael,True
1,0.000000,michael,michael,True
1,0.000000,michael,michael,True
1,0.000000,michael,michael,True
1,0.000000,michael,michael,True
1,0.000000,michael,michael,True
1,0.000000,michael,michael,True
1,0.000000,michael,michael,True
1,0.000000,michael,michael,True
1,0.000000,michael,michael,True
1,0.000000,michael,michael,True
0,0.000000,moors,skumar,False
0,0.000000,moors,skumar,False
0,0.000000,moors,skumar,False
0,0.000000,moors,skumar,False
0,0.000000,moors,skumar,False
0,0.000000,moors,skumar,False
0,0.000000,moors,skumar,False
0,0.000000,moors,skumar,False
0,0.000000,moors,skumar,False
0,0.000000,moors,skumar,False
0,0.000000,moors,skumar,False
1,0.000000,moors,moors,True
1,0.000000,moors,moors,True
1,0.000000,moors,moors,True
1,0.000000,moors,moors,True
1,0.000000,moors,moors,True
1,0.000000,moors,moors,True
1,0.000000,moors,moors,True
1,0.000000,moors,moors,True
1,0.000000,obeidn,obeidn,True
1,0.000000,obeidn,obeidn,True
1,0.000000,obeidn,obeidn,True
1,0.000000,obeidn,obeidn,True
1,0.000000,obeidn,obeidn,True
1,0.000000,obeidn,obeidn,True
1,0.000000,obeidn,obeidn,True
1,0.000000,obeidn,obeidn,True
1,0.000000,obeidn,obeidn,True
1,0.000000,obeidn,obeidn,True
1,0.000000,obeidn,obeidn,True
1,0.000000,obeidn,obeidn,True
1,0.000000,obeidn,obeidn,True
1,0.000000,obeidn,obeidn,True
1,0.000000,obeidn,obeidn,True
1,0.000000,obeidn,obeidn,True
1,0.000000,obeidn,obeidn,True
1,0.000000,obeidn,obeidn,True
1,0.000000,obeidn,obeidn,True
1,0.000000,robin,robin,True
1,0.000000,robin,robin,True
1,0.000000,robin,robin,True
1,0.000000,robin,robin,True
1,0.000000,robin,robin,True
1,0.000000,robin,robin,True
1,0.000000,robin,robin,True
1,0.000000,robin,robin,True
1,0.000000,robin,robin,True
1,0.000000,robin,robin,True
1,0.000000,robin,robin,True
1,0.000000,robin,robin,True
1,0.000000,robin,robin,True
1,0.000000,robin,robin,True
1,0.000000,robin,robin,True
1,0.000000,robin,robin,True
1,0.000000,robin,robin,True
1,0.000000,robin,robin,True
1,0.000000,robin,robin,True
1,0.000000,sandm,sandm,True
1,0.000000,sandm,sandm,True
1,0.000000,sandm,sandm,True
1,0.000000,sandm,sandm,True
1,0.000000,sandm,sandm,True
1,0.000000,sandm,sandm,True
1,0.000000,sandm,sandm,True
1,0.000000,sandm,sandm,True
1,0.000000,sandm,sandm,True
1,0.000000,sandm,sandm,True
1,0.000000,sandm,sandm,True
1,0.000000,sandm,sandm,True
1,0.000000,sandm,sandm,True
1,0.000000,sandm,sandm,True
1,0.000000,sandm,sandm,True
1,0.000000,sandm,sandm,True
1,0.000000,sandm,sandm,True
1,0.000000,sandm,sandm,True
1,0.000000,sandm,sandm,True
1,0.000000,spacl,spacl,True
1,0.000000,spacl,spacl,True
1,0.000000,spacl,spacl,True
1,0.000000,spacl,spacl,True
1,0.000000,spacl,spacl,True
1,0.000000,spacl,spacl,True
1,0.000000,spacl,spacl,True
1,0.000000,spacl,spacl,True
1,0.000000,spacl,spacl,True
1,0.000000,spacl,spacl,True
1,0.000000,spacl,spacl,True
1,0.000000,spacl,spacl,True
1,0.000000,spacl,spacl,True
1,0.000000,spacl,spacl,True
1,0.000000,spacl,spacl,True
1,0.000000,spacl,spacl,True
1,0.000000,spacl,spacl,True
1,0.000000,spacl,spacl,True
1,0.000000,spacl,spacl,True
1,0.000000,tony,tony,True
1,0.000000,tony,tony,True
1,0.000000,tony,tony,True
1,0.000000,tony,tony,True
1,0.000000,tony,tony,True
1,0.000000,tony,tony,True
1,0.000000,tony,tony,True
1,0.000000,tony,tony,True
1,0.000000,tony,tony,True
1,0.000000,tony,tony,True
1,0.000000,tony,tony,True
1,0.000000,tony,tony,True
1,0.000000,tony,tony,True
1,0.000000,tony,tony,True
1,0.000000,tony,tony,True
1,0.000000,tony,tony,True
1,0.000000,tony,tony,True
1,0.000000,tony,tony,True
1,0.000000,tony,tony,True
1,0.000000,voudcx,voudcx,True
1,0.000000,voudcx,voudcx,True
1,0.000000,voudcx,voudcx,True
1,0.000000,voudcx,voudcx,True
1,0.000000,voudcx,voudcx,True
1,0.000000,voudcx,voudcx,True
1,0.000000,voudcx,voudcx,True
1,0.000000,voudcx,voudcx,True
1,0.000000,voudcx,voudcx,True
1,0.000000,voudcx,voudcx,True
1,0.000000,voudcx,voudcx,True
1,0.000000,voudcx,voudcx,True
1,0.000000,voudcx,voudcx,True
1,0.000000,voudcx,voudcx,True
1,0.000000,voudcx,voudcx,True
1,0.000000,voudcx,voudcx,True
1,0.000000,voudcx,voudcx,True
1,0.000000,voudcx,voudcx,True
1,0.000000,voudcx,voudcx,True
