0,0.000000,9336923,elduns,False
0,0.000000,9336923,elduns,False
0,0.000000,9336923,elduns,False
0,0.000000,9336923,elduns,False
0,0.000000,9336923,elduns,False
0,0.000000,9336923,elduns,False
0,0.000000,9336923,elduns,False
0,0.000000,9336923,elduns,False
0,0.000000,9336923,elduns,False
0,0.000000,9336923,elduns,False
0,0.000000,9336923,elduns,False
0,0.000000,9336923,elduns,False
0,0.000000,9336923,elduns,False
0,0.000000,9336923,elduns,False
0,0.000000,9336923,elduns,False
0,0.000000,9336923,elduns,False
0,0.000000,9336923,elduns,False
0,0.000000,9336923,elduns,False
0,0.000000,9336923,elduns,False
0,0.000000,9336923,elduns,False
1,0.000000,9338535,9338535,True
1,0.000000,9338535,9338535,True
1,0.000000,9338535,9338535,True
1,0.000000,9338535,9338535,True
1,0.000000,9338535,9338535,True
1,0.000000,9338535,9338535,True
1,0.000000,9338535,9338535,True
1,0.000000,9338535,9338535,True
1,0.000000,9338535,9338535,True
1,0.000000,9338535,9338535,True
1,0.000000,9338535,9338535,True
1,0.000000,9338535,9338535,True
1,0.000000,9338535,9338535,True
1,0.000000,9338535,9338535,True
1,0.000000,9338535,9338535,True
1,0.000000,9338535,9338535,True
1,0.000000,9338535,9338535,True
1,0.000000,9338535,9338535,True
1,0.000000,9338535,9338535,True
1,0.000000,9338535,9338535,True
1,0.000000,anpage,anpage,True
1,0.000000,anpage,anpage,True
1,0.000000,anpage,anpage,True
1,0.000000,anpage,anpage,True
1,0.000000,anpage,anpage,True
1,0.000000,anpage,anpage,True
1,0.000000,anpage,anpage,True
1,0.000000,anpage,anpage,True
1,0.000000,anpage,anpage,True
1,0.000000,anpage,anpage,True
1,0.000000,anpage,anpage,True
1,0.000000,anpage,anpage,True
1,0.000000,anpage,anpage,True
1,0.000000,anpage,anpage,True
1,0.000000,anpage,anpage,True
1,0.000000,anpage,anpage,True
1,0.000000,anpage,anpage,True
1,0.000000,anpage,anpage,True
1,0.000000,anpage,anpage,True
1,0.000000,anpage,anpage,True
0,0.000000,asamma,phughe,False
0,0.000000,asamma,phughe,False
0,0.000000,asamma,phughe,False
0,0.000000,asamma,phughe,False
0,0.000000,asamma,phughe,False
0,0.000000,asamma,phughe,False
0,0.000000,asamma,phughe,False
0,0.000000,asamma,anpage,False
0,0.000000,asamma,anpage,False
0,0.000000,asamma,anpage,False
0,0.000000,asamma,anpage,False
0,0.000000,asamma,phughe,False
0,0.000000,asamma,anpage,False
0,0.000000,asamma,phughe,False
0,0.000000,asamma,phughe,False
0,0.000000,asamma,anpage,False
0,0.000000,asamma,phughe,False
0,0.000000,asamma,anpage,False
0,0.000000,asamma,anpage,False
0,0.000000,asamma,phughe,False
0,0.000000,asewil,anpage,False
0,0.000000,asewil,phughe,False
0,0.000000,asewil,anpage,False
0,0.000000,asewil,anpage,False
0,0.000000,asewil,phughe,False
0,0.000000,asewil,phughe,False
0,0.000000,asewil,phughe,False
0,0.000000,asewil,phughe,False
0,0.000000,asewil,anpage,False
0,0.000000,asewil,anpage,False
0,0.000000,asewil,anpage,False
0,0.000000,asewil,phughe,False
0,0.000000,asewil,9338535,False
0,0.000000,asewil,9338535,False
0,0.000000,asewil,phughe,False
0,0.000000,asewil,phughe,False
0,0.000000,asewil,phughe,False
0,0.000000,asewil,anpage,False
0,0.000000,asewil,phughe,False
0,0.000000,asewil,phughe,False
0,0.000000,astefa,elduns,False
0,0.000000,astefa,elduns,False
0,0.000000,astefa,elduns,False
0,0.000000,astefa,elduns,False
0,0.000000,astefa,elduns,False
0,0.000000,astefa,elduns,False
0,0.000000,astefa,elduns,False
0,0.000000,astefa,elduns,False
0,0.000000,astefa,elduns,False
0,0.000000,astefa,elduns,False
0,0.000000,astefa,elduns,False
0,0.000000,astefa,elduns,False
0,0.000000,astefa,elduns,False
0,0.000000,astefa,elduns,False
0,0.000000,astefa,elduns,False
0,0.000000,astefa,elduns,False
0,0.000000,astefa,elduns,False
0,0.000000,astefa,elduns,False
0,0.000000,astefa,elduns,False
0,0.000000,astefa,elduns,False
0,0.000000,drbost,unknown,False
0,0.000000,drbost,9338535,False
0,0.000000,drbost,9338535,False
0,0.000000,drbost,9338535,False
0,0.000000,drbost,unknown,False
0,0.000000,drbost,9338535,False
0,0.000000,drbost,9338535,False
0,0.000000,drbost,unknown,False
0,0.000000,drbost,9338535,False
0,0.000000,drbost,9338535,False
0,0.000000,drbost,9338535,False
0,0.000000,drbost,9338535,False
0,0.000000,drbost,unknown,False
0,0.000000,drbost,9338535,False
0,0.000000,drbost,unknown,False
0,0.000000,drbost,9338535,False
0,0.000000,drbost,unknown,False
0,0.000000,drbost,9338535,False
0,0.000000,drbost,unknown,False
0,0.000000,drbost,9338535,False
0,0.000000,ekavaz,nrclar,False
0,0.000000,ekavaz,nrclar,False
0,0.000000,ekavaz,nrclar,False
0,0.000000,ekavaz,nrclar,False
0,0.000000,ekavaz,nrclar,False
0,0.000000,ekavaz,nrclar,False
0,0.000000,ekavaz,elduns,False
0,0.000000,ekavaz,nrclar,False
0,0.000000,ekavaz,nrclar,False
0,0.000000,ekavaz,elduns,False
0,0.000000,ekavaz,elduns,False
0,0.000000,ekavaz,nrclar,False
0,0.000000,ekavaz,nrclar,False
0,0.000000,ekavaz,nrclar,False
0,0.000000,ekavaz,nrclar,False
0,0.000000,ekavaz,nrclar,False
0,0.000000,ekavaz,nrclar,False
0,0.000000,ekavaz,nrclar,False
0,0.000000,ekavaz,nrclar,False
0,0.000000,ekavaz,nrclar,False
1,0.000000,elduns,elduns,True
1,0.000000,elduns,elduns,True
1,0.000000,elduns,elduns,True
1,0.000000,elduns,elduns,True
1,0.000000,elduns,elduns,True
1,0.000000,elduns,elduns,True
1,0.000000,elduns,elduns,True
1,0.000000,elduns,elduns,True
1,0.000000,elduns,elduns,True
1,0.000000,elduns,elduns,True
1,0.000000,elduns,elduns,True
1,0.000000,elduns,elduns,True
1,0.000000,elduns,elduns,True
1,0.000000,elduns,elduns,True
1,0.000000,elduns,elduns,True
1,0.000000,elduns,elduns,True
1,0.000000,elduns,elduns,True
1,0.000000,elduns,elduns,True
1,0.000000,elduns,elduns,True
1,0.000000,elduns,elduns,True
0,0.000000,kaknig,elduns,False
0,0.000000,kaknig,elduns,False
0,0.000000,kaknig,elduns,False
0,0.000000,kaknig,elduns,False
0,0.000000,kaknig,elduns,False
0,0.000000,kaknig,elduns,False
0,0.000000,kaknig,elduns,False
0,0.000000,kaknig,elduns,False
0,0.000000,kaknig,elduns,False
0,0.000000,kaknig,elduns,False
0,0.000000,kaknig,elduns,False
0,0.000000,kaknig,elduns,False
0,0.000000,kaknig,elduns,False
0,0.000000,kaknig,elduns,False
0,0.000000,kaknig,elduns,False
0,0.000000,kaknig,elduns,False
0,0.000000,kaknig,elduns,False
0,0.000000,kaknig,elduns,False
0,0.000000,kaknig,elduns,False
0,0.000000,kaknig,elduns,False
1,0.000000,klclar,klclar,True
1,0.000000,klclar,klclar,True
1,0.000000,klclar,klclar,True
1,0.000000,klclar,klclar,True
1,0.000000,klclar,klclar,True
1,0.000000,klclar,klclar,True
1,0.000000,klclar,klclar,True
1,0.000000,klclar,klclar,True
1,0.000000,klclar,klclar,True
1,0.000000,klclar,klclar,True
1,0.000000,klclar,klclar,True
1,0.000000,klclar,klclar,True
1,0.000000,klclar,klclar,True
1,0.000000,klclar,klclar,True
1,0.000000,klclar,klclar,True
1,0.000000,klclar,klclar,True
1,0.000000,klclar,klclar,True
1,0.000000,klclar,klclar,True
1,0.000000,klclar,klclar,True
1,0.000000,klclar,klclar,True
0,0.000000,ksunth,phughe,False
0,0.000000,ksunth,unknown,False
0,0.000000,ksunth,phughe,False
0,0.000000,ksunth,unknown,False
0,0.000000,ksunth,unknown,False
0,0.000000,ksunth,phughe,False
0,0.000000,ksunth,phughe,False
0,0.000000,ksunth,phughe,False
0,0.000000,ksunth,unknown,False
0,0.000000,ksunth,phughe,False
0,0.000000,ksunth,phughe,False
0,0.000000,ksunth,unknown,False
0,0.000000,ksunth,unknown,False
0,0.000000,ksunth,unknown,False
0,0.000000,ksunth,unknown,False
0,0.000000,ksunth,unknown,False
0,0.000000,ksunth,unknown,False
0,0.000000,ksunth,unknown,False
0,0.000000,ksunth,phughe,False
0,0.000000,ksunth,unknown,False
0,0.000000,lfso,anpage,False
0,0.000000,lfso,anpage,False
0,0.000000,lfso,anpage,False
0,0.000000,lfso,anpage,False
0,0.000000,lfso,anpage,False
0,0.000000,lfso,anpage,False
0,0.000000,lfso,anpage,False
0,0.000000,lfso,anpage,False
0,0.000000,lfso,anpage,False
0,0.000000,lfso,anpage,False
0,0.000000,lfso,anpage,False
0,0.000000,lfso,anpage,False
0,0.000000,lfso,anpage,False
0,0.000000,lfso,anpage,False
0,0.000000,lfso,anpage,False
0,0.000000,lfso,anpage,False
0,0.000000,lfso,anpage,False
0,0.000000,lfso,anpage,False
0,0.000000,lfso,anpage,False
0,0.000000,lfso,anpage,False
0,0.000000,mbutle,elduns,False
0,0.000000,mbutle,anpage,False
0,0.000000,mbutle,elduns,False
0,0.000000,mbutle,elduns,False
0,0.000000,mbutle,anpage,False
0,0.000000,mbutle,anpage,False
0,0.000000,mbutle,anpage,False
0,0.000000,mbutle,anpage,False
0,0.000000,mbutle,anpage,False
0,0.000000,mbutle,anpage,False
0,0.000000,mbutle,anpage,False
0,0.000000,mbutle,elduns,False
0,0.000000,mbutle,anpage,False
0,0.000000,mbutle,anpage,False
0,0.000000,mbutle,elduns,False
0,0.000000,mbutle,elduns,False
0,0.000000,mbutle,elduns,False
0,0.000000,mbutle,elduns,False
0,0.000000,mbutle,anpage,False
0,0.000000,mbutle,elduns,False
1,0.000000,phughe,phughe,True
1,0.000000,phughe,phughe,True
1,0.000000,phughe,phughe,True
1,0.000000,phughe,phughe,True
1,0.000000,phughe,phughe,True
1,0.000000,phughe,phughe,True
1,0.000000,phughe,phughe,True
1,0.000000,phughe,phughe,True
1,0.000000,phughe,phughe,True
1,0.000000,phughe,phughe,True
1,0.000000,phughe,phughe,True
1,0.000000,phughe,phughe,True
1,0.000000,phughe,phughe,True
1,0.000000,phughe,phughe,True
1,0.000000,phughe,phughe,True
1,0.000000,phughe,phughe,True
1,0.000000,phughe,phughe,True
1,0.000000,phughe,phughe,True
1,0.000000,phughe,phughe,True
1,0.000000,phughe,phughe,True
0,0.000000,sbains,elduns,False
0,0.000000,sbains,elduns,False
0,0.000000,sbains,elduns,False
0,0.000000,sbains,elduns,False
0,0.000000,sbains,elduns,False
0,0.000000,sbains,elduns,False
0,0.000000,sbains,elduns,False
0,0.000000,sbains,9338535,False
0,0.000000,sbains,9338535,False
0,0.000000,sbains,9338535,False
0,0.000000,sbains,9338535,False
0,0.000000,sbains,9338535,False
0,0.000000,sbains,9338535,False
0,0.000000,sbains,9338535,False
0,0.000000,sbains,9338535,False
0,0.000000,sbains,9338535,False
0,0.000000,sbains,9338535,False
0,0.000000,sbains,9338535,False
0,0.000000,sbains,elduns,False
0,0.000000,sbains,9338535,False
0,0.000000,slbirc,elduns,False
0,0.000000,slbirc,elduns,False
0,0.000000,slbirc,9338535,False
0,0.000000,slbirc,9338535,False
0,0.000000,slbirc,elduns,False
0,0.000000,slbirc,9338535,False
0,0.000000,slbirc,elduns,False
0,0.000000,slbirc,elduns,False
0,0.000000,slbirc,elduns,False
0,0.000000,slbirc,9338535,False
0,0.000000,slbirc,9338535,False
0,0.000000,slbirc,9338535,False
0,0.000000,slbirc,9338535,False
0,0.000000,slbirc,9338535,False
0,0.000000,slbirc,9338535,False
0,0.000000,slbirc,9338535,False
0,0.000000,slbirc,9338535,False
0,0.000000,slbirc,9338535,False
0,0.000000,slbirc,elduns,False
0,0.000000,slbirc,9338535,False
0,0.000000,vstros,phughe,False
0,0.000000,vstros,phughe,False
0,0.000000,vstros,anpage,False
0,0.000000,vstros,phughe,False
0,0.000000,vstros,phughe,False
0,0.000000,vstros,phughe,False
0,0.000000,vstros,phughe,False
0,0.000000,vstros,phughe,False
0,0.000000,vstros,phughe,False
0,0.000000,vstros,anpage,False
0,0.000000,vstros,phughe,False
0,0.000000,vstros,anpage,False
0,0.000000,vstros,phughe,False
0,0.000000,vstros,phughe,False
0,0.000000,vstros,phughe,False
0,0.000000,vstros,anpage,False
0,0.000000,vstros,phughe,False
0,0.000000,vstros,phughe,False
0,0.000000,vstros,phughe,False
0,0.000000,vstros,phughe,False
0,0.000000,yfhsie,phughe,False
0,0.000000,yfhsie,phughe,False
0,0.000000,yfhsie,phughe,False
0,0.000000,yfhsie,phughe,False
0,0.000000,yfhsie,phughe,False
0,0.000000,yfhsie,phughe,False
0,0.000000,yfhsie,phughe,False
0,0.000000,yfhsie,phughe,False
0,0.000000,yfhsie,phughe,False
0,0.000000,yfhsie,phughe,False
0,0.000000,yfhsie,phughe,False
0,0.000000,yfhsie,phughe,False
0,0.000000,yfhsie,phughe,False
0,0.000000,yfhsie,phughe,False
0,0.000000,yfhsie,phughe,False
0,0.000000,yfhsie,phughe,False
0,0.000000,yfhsie,phughe,False
0,0.000000,yfhsie,phughe,False
0,0.000000,yfhsie,phughe,False
0,0.000000,yfhsie,phughe,False
0,0.000000,9326871,sandm,False
0,0.000000,9326871,robin,False
0,0.000000,9326871,robin,False
0,0.000000,9326871,robin,False
0,0.000000,9326871,robin,False
0,0.000000,9326871,robin,False
0,0.000000,9326871,jrtobi,False
0,0.000000,9326871,jrtobi,False
0,0.000000,9326871,robin,False
0,0.000000,9326871,robin,False
0,0.000000,9326871,robin,False
0,0.000000,9326871,sandm,False
0,0.000000,9326871,robin,False
0,0.000000,9326871,jrtobi,False
0,0.000000,9326871,jrtobi,False
0,0.000000,9326871,jrtobi,False
0,0.000000,9326871,sandm,False
0,0.000000,9326871,robin,False
0,0.000000,9326871,robin,False
0,0.000000,9332898,ajsega,False
0,0.000000,9332898,ajsega,False
0,0.000000,9332898,jrtobi,False
0,0.000000,9332898,ajsega,False
0,0.000000,9332898,ajsega,False
0,0.000000,9332898,ajsega,False
0,0.000000,9332898,ajsega,False
0,0.000000,9332898,ajsega,False
0,0.000000,9332898,ajsega,False
0,0.000000,9332898,ajsega,False
0,0.000000,9332898,jrtobi,False
0,0.000000,9332898,cshubb,False
0,0.000000,9332898,ajsega,False
0,0.000000,9332898,cshubb,False
0,0.000000,9332898,ajsega,False
0,0.000000,9332898,cshubb,False
0,0.000000,9332898,cshubb,False
0,0.000000,9332898,ajsega,False
0,0.000000,9332898,ajsega,False
0,0.000000,9338446,9338527,False
0,0.000000,9338446,9338527,False
0,0.000000,9338446,anonym,False
0,0.000000,9338446,9338527,False
0,0.000000,9338446,9338527,False
0,0.000000,9338446,9338527,False
0,0.000000,9338446,9338527,False
0,0.000000,9338446,9338527,False
0,0.000000,9338446,9338527,False
0,0.000000,9338446,9338527,False
0,0.000000,9338446,anonym,False
0,0.000000,9338446,9338527,False
0,0.000000,9338446,9338527,False
0,0.000000,9338446,9338527,False
0,0.000000,9338446,9338527,False
0,0.000000,9338446,9338527,False
0,0.000000,9338446,anonym,False
0,0.000000,9338446,9338527,False
0,0.000000,9338446,9338527,False
0,0.000000,9338454,rrowle,False
0,0.000000,9338454,anonym,False
0,0.000000,9338454,9338462,False
0,0.000000,9338454,rrowle,False
0,0.000000,9338454,9338462,False
0,0.000000,9338454,nrclar,False
0,0.000000,9338454,anonym,False
0,0.000000,9338454,9338462,False
0,0.000000,9338454,9338462,False
0,0.000000,9338454,9338462,False
0,0.000000,9338454,9338462,False
0,0.000000,9338454,rrowle,False
0,0.000000,9338454,rrowle,False
0,0.000000,9338454,nrclar,False
0,0.000000,9338454,nrclar,False
0,0.000000,9338454,anonym,False
0,0.000000,9338454,anonym,False
0,0.000000,9338454,nrclar,False
0,0.000000,9338454,rrowle,False
1,0.000000,9338462,9338462,True
1,0.000000,9338462,9338462,True
1,0.000000,9338462,9338462,True
1,0.000000,9338462,9338462,True
1,0.000000,9338462,9338462,True
1,0.000000,9338462,9338462,True
1,0.000000,9338462,9338462,True
1,0.000000,9338462,9338462,True
1,0.000000,9338462,9338462,True
1,0.000000,9338462,9338462,True
1,0.000000,9338462,9338462,True
1,0.000000,9338462,9338462,True
1,0.000000,9338462,9338462,True
1,0.000000,9338462,9338462,True
1,0.000000,9338462,9338462,True
1,0.000000,9338462,9338462,True
1,0.000000,9338462,9338462,True
1,0.000000,9338462,9338462,True
1,0.000000,9338462,9338462,True
0,0.000000,9338489,jlemon,False
0,0.000000,9338489,9338497,False
0,0.000000,9338489,9338497,False
0,0.000000,9338489,9338497,False
0,0.000000,9338489,9338497,False
0,0.000000,9338489,gjhero,False
0,0.000000,9338489,jlemon,False
0,0.000000,9338489,jlemon,False
0,0.000000,9338489,jlemon,False
0,0.000000,9338489,jlemon,False
0,0.000000,9338489,cshubb,False
0,0.000000,9338489,jlemon,False
0,0.000000,9338489,cshubb,False
0,0.000000,9338489,jlemon,False
0,0.000000,9338489,jlemon,False
0,0.000000,9338489,jlemon,False
0,0.000000,9338489,cshubb,False
0,0.000000,9338489,jlemon,False
0,0.000000,9338489,jlemon,False
1,0.000000,9338497,9338497,True
1,0.000000,9338497,9338497,True
1,0.000000,9338497,9338497,True
1,0.000000,9338497,9338497,True
1,0.000000,9338497,9338497,True
1,0.000000,9338497,9338497,True
1,0.000000,9338497,9338497,True
1,0.000000,9338497,9338497,True
1,0.000000,9338497,9338497,True
1,0.000000,9338497,9338497,True
1,0.000000,9338497,9338497,True
1,0.000000,9338497,9338497,True
1,0.000000,9338497,9338497,True
1,0.000000,9338497,9338497,True
1,0.000000,9338497,9338497,True
1,0.000000,9338497,9338497,True
1,0.000000,9338497,9338497,True
1,0.000000,9338497,9338497,True
1,0.000000,9338497,9338497,True
1,0.000000,9338519,9338519,True
1,0.000000,9338519,9338519,True
1,0.000000,9338519,9338519,True
1,0.000000,9338519,9338519,True
1,0.000000,9338519,9338519,True
1,0.000000,9338519,9338519,True
1,0.000000,9338519,9338519,True
1,0.000000,9338519,9338519,True
1,0.000000,9338519,9338519,True
1,0.000000,9338519,9338519,True
1,0.000000,9338519,9338519,True
1,0.000000,9338519,9338519,True
1,0.000000,9338519,9338519,True
1,0.000000,9338519,9338519,True
1,0.000000,9338519,9338519,True
1,0.000000,9338519,9338519,True
1,0.000000,9338519,9338519,True
1,0.000000,9338519,9338519,True
1,0.000000,9338519,9338519,True
1,0.000000,9338527,9338527,True
1,0.000000,9338527,9338527,True
1,0.000000,9338527,9338527,True
1,0.000000,9338527,9338527,True
1,0.000000,9338527,9338527,True
1,0.000000,9338527,9338527,True
1,0.000000,9338527,9338527,True
1,0.000000,9338527,9338527,True
1,0.000000,9338527,9338527,True
1,0.000000,9338527,9338527,True
1,0.000000,9338527,9338527,True
1,0.000000,9338527,9338527,True
1,0.000000,9338527,9338527,True
1,0.000000,9338527,9338527,True
1,0.000000,9338527,9338527,True
1,0.000000,9338527,9338527,True
1,0.000000,9338527,9338527,True
1,0.000000,9338527,9338527,True
1,0.000000,9338527,9338527,True
0,0.000000,9338543,9338497,False
0,0.000000,9338543,9338497,False
0,0.000000,9338543,9338497,False
0,0.000000,9338543,9338497,False
0,0.000000,9338543,9338497,False
0,0.000000,9338543,9338497,False
0,0.000000,9338543,9338497,False
0,0.000000,9338543,9338497,False
0,0.000000,9338543,9338497,False
0,0.000000,9338543,9338497,False
0,0.000000,9338543,9338497,False
0,0.000000,9338543,gjhero,False
0,0.000000,9338543,gjhero,False
0,0.000000,9338543,9338497,False
0,0.000000,9338543,9338497,False
0,0.000000,9338543,9338497,False
0,0.000000,9338543,9338497,False
0,0.000000,9338543,9338497,False
0,0.000000,9338543,gjhero,False
0,0.000000,9414649,sandm,False
0,0.000000,9414649,sandm,False
0,0.000000,9414649,sandm,False
0,0.000000,9414649,sandm,False
0,0.000000,9414649,sandm,False
0,0.000000,9414649,phughe,False
0,0.000000,9414649,sandm,False
0,0.000000,9414649,phughe,False
0,0.000000,9414649,phughe,False
0,0.000000,9414649,sandm,False
0,0.000000,9414649,sandm,False
0,0.000000,9414649,klclar,False
0,0.000000,9414649,ajsega,False
0,0.000000,9414649,ajsega,False
0,0.000000,9414649,klclar,False
0,0.000000,9414649,ajsega,False
0,0.000000,9414649,ajsega,False
0,0.000000,9414649,sandm,False
0,0.000000,9414649,ajsega,False
0,0.000000,9416994,ajsega,False
0,0.000000,9416994,ajsega,False
0,0.000000,9416994,swsmit,False
0,0.000000,9416994,ajsega,False
0,0.000000,9416994,ajsega,False
0,0.000000,9416994,9338462,False
0,0.000000,9416994,swsmit,False
0,0.000000,9416994,swsmit,False
0,0.000000,9416994,ajsega,False
0,0.000000,9416994,ajsega,False
0,0.000000,9416994,ajsega,False
0,0.000000,9416994,ajsega,False
0,0.000000,9416994,ajsega,False
0,0.000000,9416994,ajsega,False
0,0.000000,9416994,ajsega,False
0,0.000000,9416994,ajsega,False
0,0.000000,9416994,ajsega,False
0,0.000000,9416994,ajsega,False
0,0.000000,9416994,ajsega,False
0,0.000000,admars,nrclar,False
0,0.000000,admars,nrclar,False
0,0.000000,admars,nrclar,False
0,0.000000,admars,nrclar,False
0,0.000000,admars,nrclar,False
0,0.000000,admars,nrclar,False
0,0.000000,admars,nrclar,False
0,0.000000,admars,nrclar,False
0,0.000000,admars,nrclar,False
0,0.000000,admars,nrclar,False
0,0.000000,admars,nrclar,False
0,0.000000,admars,nrclar,False
0,0.000000,admars,nrclar,False
0,0.000000,admars,nrclar,False
0,0.000000,admars,nrclar,False
0,0.000000,admars,nrclar,False
0,0.000000,admars,nrclar,False
0,0.000000,admars,nrclar,False
0,0.000000,admars,nrclar,False
0,0.000000,ahodki,klclar,False
0,0.000000,ahodki,klclar,False
0,0.000000,ahodki,klclar,False
0,0.000000,ahodki,klclar,False
0,0.000000,ahodki,klclar,False
0,0.000000,ahodki,klclar,False
0,0.000000,ahodki,klclar,False
0,0.000000,ahodki,klclar,False
0,0.000000,ahodki,klclar,False
0,0.000000,ahodki,klclar,False
0,0.000000,ahodki,swsmit,False
0,0.000000,ahodki,klclar,False
0,0.000000,ahodki,klclar,False
0,0.000000,ahodki,klclar,False
0,0.000000,ahodki,klclar,False
0,0.000000,ahodki,klclar,False
0,0.000000,ahodki,klclar,False
0,0.000000,ahodki,klclar,False
0,0.000000,ahodki,swsmit,False
0,0.000000,ajflem,anonym,False
0,0.000000,ajflem,anonym,False
0,0.000000,ajflem,rrowle,False
0,0.000000,ajflem,rrowle,False
0,0.000000,ajflem,rrowle,False
0,0.000000,ajflem,rrowle,False
0,0.000000,ajflem,rrowle,False
0,0.000000,ajflem,rrowle,False
0,0.000000,ajflem,rrowle,False
0,0.000000,ajflem,rrowle,False
0,0.000000,ajflem,rrowle,False
0,0.000000,ajflem,rrowle,False
0,0.000000,ajflem,rrowle,False
0,0.000000,ajflem,rrowle,False
0,0.000000,ajflem,rrowle,False
0,0.000000,ajflem,rrowle,False
0,0.000000,ajflem,rrowle,False
0,0.000000,ajflem,rrowle,False
0,0.000000,ajflem,rrowle,False
0,0.000000,ajones,cshubb,False
0,0.000000,ajones,cshubb,False
0,0.000000,ajones,cshubb,False
0,0.000000,ajones,cshubb,False
0,0.000000,ajones,cshubb,False
0,0.000000,ajones,cshubb,False
0,0.000000,ajones,cshubb,False
0,0.000000,ajones,cshubb,False
0,0.000000,ajones,cshubb,False
0,0.000000,ajones,cshubb,False
0,0.000000,ajones,cshubb,False
0,0.000000,ajones,cshubb,False
0,0.000000,ajones,cshubb,False
0,0.000000,ajones,cshubb,False
0,0.000000,ajones,cshubb,False
0,0.000000,ajones,cshubb,False
0,0.000000,ajones,cshubb,False
0,0.000000,ajones,cshubb,False
0,0.000000,ajones,cshubb,False
1,0.000000,ajsega,ajsega,True
1,0.000000,ajsega,ajsega,True
1,0.000000,ajsega,ajsega,True
1,0.000000,ajsega,ajsega,True
1,0.000000,ajsega,ajsega,True
1,0.000000,ajsega,ajsega,True
1,0.000000,ajsega,ajsega,True
1,0.000000,ajsega,ajsega,True
1,0.000000,ajsega,ajsega,True
1,0.000000,ajsega,ajsega,True
1,0.000000,ajsega,ajsega,True
1,0.000000,ajsega,ajsega,True
1,0.000000,ajsega,ajsega,True
1,0.000000,ajsega,ajsega,True
1,0.000000,ajsega,ajsega,True
1,0.000000,ajsega,ajsega,True
1,0.000000,ajsega,ajsega,True
1,0.000000,ajsega,ajsega,True
1,0.000000,ajsega,ajsega,True
0,0.000000,akatsi,sandm,False
0,0.000000,akatsi,sandm,False
0,0.000000,akatsi,sandm,False
0,0.000000,akatsi,sandm,False
0,0.000000,akatsi,sandm,False
0,0.000000,akatsi,sandm,False
0,0.000000,akatsi,sandm,False
0,0.000000,akatsi,sandm,False
0,0.000000,akatsi,sandm,False
0,0.000000,akatsi,sandm,False
0,0.000000,akatsi,sandm,False
0,0.000000,akatsi,cgboyc,False
0,0.000000,akatsi,sandm,False
0,0.000000,akatsi,cgboyc,False
0,0.000000,akatsi,sandm,False
0,0.000000,akatsi,sandm,False
0,0.000000,akatsi,sandm,False
0,0.000000,akatsi,sandm,False
0,0.000000,akatsi,sandm,False
0,0.000000,ambarw,9338497,False
0,0.000000,ambarw,9338519,False
0,0.000000,ambarw,9338497,False
0,0.000000,ambarw,9338497,False
0,0.000000,ambarw,9338497,False
0,0.000000,ambarw,9338497,False
0,0.000000,ambarw,9338497,False
0,0.000000,ambarw,9338497,False
0,0.000000,ambarw,9338497,False
0,0.000000,ambarw,9338497,False
0,0.000000,ambarw,9338497,False
0,0.000000,ambarw,9338497,False
0,0.000000,ambarw,9338497,False
0,0.000000,ambarw,9338497,False
0,0.000000,ambarw,9338497,False
0,0.000000,ambarw,9338497,False
0,0.000000,ambarw,9338497,False
0,0.000000,ambarw,phughe,False
0,0.000000,ambarw,9338497,False
0,0.000000,asheal,ajsega,False
0,0.000000,asheal,jrtobi,False
0,0.000000,asheal,klclar,False
0,0.000000,asheal,klclar,False
0,0.000000,asheal,klclar,False
0,0.000000,asheal,klclar,False
0,0.000000,asheal,elduns,False
0,0.000000,asheal,elduns,False
0,0.000000,asheal,klclar,False
0,0.000000,asheal,jrtobi,False
0,0.000000,asheal,elduns,False
0,0.000000,asheal,klclar,False
0,0.000000,asheal,ajsega,False
0,0.000000,asheal,klclar,False
0,0.000000,asheal,cshubb,False
0,0.000000,asheal,cshubb,False
0,0.000000,asheal,ajsega,False
0,0.000000,asheal,cshubb,False
0,0.000000,asheal,ajsega,False
0,0.000000,bplyce,gjnorm,False
0,0.000000,bplyce,gjnorm,False
0,0.000000,bplyce,gjnorm,False
0,0.000000,bplyce,gjnorm,False
0,0.000000,bplyce,gjnorm,False
0,0.000000,bplyce,9338462,False
0,0.000000,bplyce,gjnorm,False
0,0.000000,bplyce,gjnorm,False
0,0.000000,bplyce,gjnorm,False
0,0.000000,bplyce,gjnorm,False
0,0.000000,bplyce,gjnorm,False
0,0.000000,bplyce,gjnorm,False
0,0.000000,bplyce,gjnorm,False
0,0.000000,bplyce,gjnorm,False
0,0.000000,bplyce,gjnorm,False
0,0.000000,bplyce,gjnorm,False
0,0.000000,bplyce,gjnorm,False
0,0.000000,bplyce,gjnorm,False
0,0.000000,bplyce,gjnorm,False
0,0.000000,cchris,sandm,False
0,0.000000,cchris,sandm,False
0,0.000000,cchris,sandm,False
0,0.000000,cchris,sandm,False
0,0.000000,cchris,sandm,False
0,0.000000,cchris,sandm,False
0,0.000000,cchris,sandm,False
0,0.000000,cchris,sandm,False
0,0.000000,cchris,sandm,False
0,0.000000,cchris,sandm,False
0,0.000000,cchris,sandm,False
0,0.000000,cchris,sandm,False
0,0.000000,cchris,sandm,False
0,0.000000,cchris,sandm,False
0,0.000000,cchris,sandm,False
0,0.000000,cchris,sandm,False
0,0.000000,cchris,sandm,False
0,0.000000,cchris,sandm,False
0,0.000000,cchris,sandm,False
0,0.000000,ccjame,cshubb,False
0,0.000000,ccjame,cshubb,False
0,0.000000,ccjame,cshubb,False
0,0.000000,ccjame,cshubb,False
0,0.000000,ccjame,cshubb,False
0,0.000000,ccjame,cshubb,False
0,0.000000,ccjame,cshubb,False
0,0.000000,ccjame,cshubb,False
0,0.000000,ccjame,cshubb,False
0,0.000000,ccjame,cshubb,False
0,0.000000,ccjame,cshubb,False
0,0.000000,ccjame,cshubb,False
0,0.000000,ccjame,cshubb,False
0,0.000000,ccjame,elduns,False
0,0.000000,ccjame,cshubb,False
0,0.000000,ccjame,cshubb,False
0,0.000000,ccjame,elduns,False
0,0.000000,ccjame,cshubb,False
0,0.000000,ccjame,cshubb,False
0,0.000000,cferdo,anonym,False
0,0.000000,cferdo,anonym,False
0,0.000000,cferdo,anonym,False
0,0.000000,cferdo,anonym,False
0,0.000000,cferdo,anonym,False
0,0.000000,cferdo,anonym,False
0,0.000000,cferdo,anonym,False
0,0.000000,cferdo,anonym,False
0,0.000000,cferdo,9338497,False
0,0.000000,cferdo,anonym,False
0,0.000000,cferdo,anonym,False
0,0.000000,cferdo,anonym,False
0,0.000000,cferdo,anonym,False
0,0.000000,cferdo,9338497,False
0,0.000000,cferdo,anonym,False
0,0.000000,cferdo,anonym,False
0,0.000000,cferdo,anonym,False
0,0.000000,cferdo,9338497,False
0,0.000000,cferdo,anonym,False
1,0.000000,cgboyc,cgboyc,True
1,0.000000,cgboyc,cgboyc,True
1,0.000000,cgboyc,cgboyc,True
1,0.000000,cgboyc,cgboyc,True
1,0.000000,cgboyc,cgboyc,True
1,0.000000,cgboyc,cgboyc,True
1,0.000000,cgboyc,cgboyc,True
1,0.000000,cgboyc,cgboyc,True
1,0.000000,cgboyc,cgboyc,True
1,0.000000,cgboyc,cgboyc,True
1,0.000000,cgboyc,cgboyc,True
1,0.000000,cgboyc,cgboyc,True
1,0.000000,cgboyc,cgboyc,True
1,0.000000,cgboyc,cgboyc,True
1,0.000000,cgboyc,cgboyc,True
1,0.000000,cgboyc,cgboyc,True
1,0.000000,cgboyc,cgboyc,True
1,0.000000,cgboyc,cgboyc,True
1,0.000000,cgboyc,cgboyc,True
0,0.000000,cjcarr,9338497,False
0,0.000000,cjcarr,9338497,False
0,0.000000,cjcarr,9338497,False
0,0.000000,cjcarr,klclar,False
0,0.000000,cjcarr,klclar,False
0,0.000000,cjcarr,klclar,False
0,0.000000,cjcarr,9338497,False
0,0.000000,cjcarr,klclar,False
0,0.000000,cjcarr,9338497,False
0,0.000000,cjcarr,9338497,False
0,0.000000,cjcarr,9338497,False
0,0.000000,cjcarr,9338497,False
0,0.000000,cjcarr,9338497,False
0,0.000000,cjcarr,9338497,False
0,0.000000,cjcarr,9338497,False
0,0.000000,cjcarr,9338497,False
0,0.000000,cjcarr,9338497,False
0,0.000000,cjcarr,9338497,False
0,0.000000,cjcarr,9338497,False
0,0.000000,cjdenn,9338462,False
0,0.000000,cjdenn,9338462,False
0,0.000000,cjdenn,9338462,False
0,0.000000,cjdenn,9338462,False
0,0.000000,cjdenn,9338462,False
0,0.000000,cjdenn,9338462,False
0,0.000000,cjdenn,9338462,False
0,0.000000,cjdenn,9338462,False
0,0.000000,cjdenn,9338462,False
0,0.000000,cjdenn,9338462,False
0,0.000000,cjdenn,9338462,False
0,0.000000,cjdenn,9338462,False
0,0.000000,cjdenn,9338462,False
0,0.000000,cjdenn,9338462,False
0,0.000000,cjdenn,9338462,False
0,0.000000,cjdenn,9338462,False
0,0.000000,cjdenn,9338462,False
0,0.000000,cjdenn,9338462,False
0,0.000000,cjdenn,9338462,False
0,0.000000,cjsake,gjnorm,False
0,0.000000,cjsake,gjnorm,False
0,0.000000,cjsake,gjnorm,False
0,0.000000,cjsake,elduns,False
0,0.000000,cjsake,elduns,False
0,0.000000,cjsake,gjnorm,False
0,0.000000,cjsake,9338462,False
0,0.000000,cjsake,9338462,False
0,0.000000,cjsake,9338462,False
0,0.000000,cjsake,gjnorm,False
0,0.000000,cjsake,9338462,False
0,0.000000,cjsake,sandm,False
0,0.000000,cjsake,gjnorm,False
0,0.000000,cjsake,elduns,False
0,0.000000,cjsake,gjnorm,False
0,0.000000,cjsake,gjnorm,False
0,0.000000,cjsake,gjnorm,False
0,0.000000,cjsake,gjnorm,False
0,0.000000,cjsake,elduns,False
0,0.000000,cmkirk,klclar,False
0,0.000000,cmkirk,elduns,False
0,0.000000,cmkirk,elduns,False
0,0.000000,cmkirk,elduns,False
0,0.000000,cmkirk,elduns,False
0,0.000000,cmkirk,klclar,False
0,0.000000,cmkirk,klclar,False
0,0.000000,cmkirk,klclar,False
0,0.000000,cmkirk,klclar,False
0,0.000000,cmkirk,klclar,False
0,0.000000,cmkirk,klclar,False
0,0.000000,cmkirk,klclar,False
0,0.000000,cmkirk,klclar,False
0,0.000000,cmkirk,robin,False
0,0.000000,cmkirk,elduns,False
0,0.000000,cmkirk,klclar,False
0,0.000000,cmkirk,klclar,False
0,0.000000,cmkirk,klclar,False
0,0.000000,cmkirk,klclar,False
0,0.000000,csanch,cshubb,False
0,0.000000,csanch,cshubb,False
0,0.000000,csanch,cshubb,False
0,0.000000,csanch,cshubb,False
0,0.000000,csanch,cshubb,False
0,0.000000,csanch,cshubb,False
0,0.000000,csanch,cshubb,False
0,0.000000,csanch,cshubb,False
0,0.000000,csanch,cshubb,False
0,0.000000,csanch,cshubb,False
0,0.000000,csanch,cshubb,False
0,0.000000,csanch,cshubb,False
0,0.000000,csanch,cshubb,False
0,0.000000,csanch,cshubb,False
0,0.000000,csanch,cshubb,False
0,0.000000,csanch,cshubb,False
0,0.000000,csanch,cshubb,False
0,0.000000,csanch,cshubb,False
0,0.000000,csanch,cshubb,False
1,0.000000,cshubb,cshubb,True
1,0.000000,cshubb,cshubb,True
1,0.000000,cshubb,cshubb,True
1,0.000000,cshubb,cshubb,True
1,0.000000,cshubb,cshubb,True
1,0.000000,cshubb,cshubb,True
1,0.000000,cshubb,cshubb,True
1,0.000000,cshubb,cshubb,True
1,0.000000,cshubb,cshubb,True
1,0.000000,cshubb,cshubb,True
1,0.000000,cshubb,cshubb,True
1,0.000000,cshubb,cshubb,True
1,0.000000,cshubb,cshubb,True
1,0.000000,cshubb,cshubb,True
1,0.000000,cshubb,cshubb,True
1,0.000000,cshubb,cshubb,True
1,0.000000,cshubb,cshubb,True
1,0.000000,cshubb,cshubb,True
1,0.000000,cshubb,cshubb,True
0,0.000000,cwchoi,phughe,False
0,0.000000,cwchoi,phughe,False
0,0.000000,cwchoi,phughe,False
0,0.000000,cwchoi,phughe,False
0,0.000000,cwchoi,phughe,False
0,0.000000,cwchoi,phughe,False
0,0.000000,cwchoi,phughe,False
0,0.000000,cwchoi,phughe,False
0,0.000000,cwchoi,phughe,False
0,0.000000,cwchoi,phughe,False
0,0.000000,cwchoi,phughe,False
0,0.000000,cwchoi,phughe,False
0,0.000000,cwchoi,phughe,False
0,0.000000,cwchoi,phughe,False
0,0.000000,cwchoi,phughe,False
0,0.000000,cwchoi,phughe,False
0,0.000000,cwchoi,phughe,False
0,0.000000,cwchoi,phughe,False
0,0.000000,cwchoi,phughe,False
0,0.000000,dagran,sandm,False
0,0.000000,dagran,sandm,False
0,0.000000,dagran,sandm,False
0,0.000000,dagran,sandm,False
0,0.000000,dagran,sandm,False
0,0.000000,dagran,sandm,False
0,0.000000,dagran,sandm,False
0,0.000000,dagran,sandm,False
0,0.000000,dagran,sandm,False
0,0.000000,dagran,sandm,False
0,0.000000,dagran,sandm,False
0,0.000000,dagran,sandm,False
0,0.000000,dagran,sandm,False
0,0.000000,dagran,sandm,False
0,0.000000,dagran,sandm,False
0,0.000000,dagran,sandm,False
0,0.000000,dagran,sandm,False
0,0.000000,dagran,sandm,False
0,0.000000,dagran,sandm,False
0,0.000000,dakram,cshubb,False
0,0.000000,dakram,cshubb,False
0,0.000000,dakram,cshubb,False
0,0.000000,dakram,cshubb,False
0,0.000000,dakram,cshubb,False
0,0.000000,dakram,cshubb,False
0,0.000000,dakram,cshubb,False
0,0.000000,dakram,klclar,False
0,0.000000,dakram,klclar,False
0,0.000000,dakram,cshubb,False
0,0.000000,dakram,cshubb,False
0,0.000000,dakram,cshubb,False
0,0.000000,dakram,cshubb,False
0,0.000000,dakram,cshubb,False
0,0.000000,dakram,cshubb,False
0,0.000000,dakram,cshubb,False
0,0.000000,dakram,cshubb,False
0,0.000000,dakram,cshubb,False
0,0.000000,dakram,cshubb,False
0,0.000000,dcbowe,ajsega,False
0,0.000000,dcbowe,gjnorm,False
0,0.000000,dcbowe,gjnorm,False
0,0.000000,dcbowe,gjnorm,False
0,0.000000,dcbowe,gjnorm,False
0,0.000000,dcbowe,gjnorm,False
0,0.000000,dcbowe,gjnorm,False
0,0.000000,dcbowe,gjnorm,False
0,0.000000,dcbowe,gjnorm,False
0,0.000000,dcbowe,jrtobi,False
0,0.000000,dcbowe,ajsega,False
0,0.000000,dcbowe,gjnorm,False
0,0.000000,dcbowe,jrtobi,False
0,0.000000,dcbowe,gjnorm,False
0,0.000000,dcbowe,gjnorm,False
0,0.000000,dcbowe,gjnorm,False
0,0.000000,dcbowe,gjnorm,False
0,0.000000,dcbowe,gjnorm,False
0,0.000000,dcbowe,gjnorm,False
0,0.000000,dioann,cshubb,False
0,0.000000,dioann,cshubb,False
0,0.000000,dioann,9338462,False
0,0.000000,dioann,9338462,False
0,0.000000,dioann,cshubb,False
0,0.000000,dioann,9338462,False
0,0.000000,dioann,cshubb,False
0,0.000000,dioann,cshubb,False
0,0.000000,dioann,cshubb,False
0,0.000000,dioann,cshubb,False
0,0.000000,dioann,cshubb,False
0,0.000000,dioann,9338462,False
0,0.000000,dioann,9338462,False
0,0.000000,dioann,9338462,False
0,0.000000,dioann,9338462,False
0,0.000000,dioann,9338462,False
0,0.000000,dioann,9338462,False
0,0.000000,dioann,phughe,False
0,0.000000,dioann,cshubb,False
0,0.000000,djbirc,ajsega,False
0,0.000000,djbirc,elduns,False
0,0.000000,djbirc,ajsega,False
0,0.000000,djbirc,ajsega,False
0,0.000000,djbirc,elduns,False
0,0.000000,djbirc,ajsega,False
0,0.000000,djbirc,sandm,False
0,0.000000,djbirc,sandm,False
0,0.000000,djbirc,ajsega,False
0,0.000000,djbirc,ajsega,False
0,0.000000,djbirc,sandm,False
0,0.000000,djbirc,ajsega,False
0,0.000000,djbirc,ajsega,False
0,0.000000,djbirc,ajsega,False
0,0.000000,djbirc,ajsega,False
0,0.000000,djbirc,ajsega,False
0,0.000000,djbirc,elduns,False
0,0.000000,djbirc,elduns,False
0,0.000000,djbirc,sandm,False
0,0.000000,djhugh,klclar,False
0,0.000000,djhugh,klclar,False
0,0.000000,djhugh,klclar,False
0,0.000000,djhugh,klclar,False
0,0.000000,djhugh,klclar,False
0,0.000000,djhugh,klclar,False
0,0.000000,djhugh,klclar,False
0,0.000000,djhugh,klclar,False
0,0.000000,djhugh,klclar,False
0,0.000000,djhugh,klclar,False
0,0.000000,djhugh,klclar,False
0,0.000000,djhugh,klclar,False
0,0.000000,djhugh,klclar,False
0,0.000000,djhugh,klclar,False
0,0.000000,djhugh,klclar,False
0,0.000000,djhugh,klclar,False
0,0.000000,djhugh,klclar,False
0,0.000000,djhugh,klclar,False
0,0.000000,djhugh,klclar,False
0,0.000000,djmart,9338497,False
0,0.000000,djmart,cshubb,False
0,0.000000,djmart,cshubb,False
0,0.000000,djmart,9338497,False
0,0.000000,djmart,cshubb,False
0,0.000000,djmart,9338497,False
0,0.000000,djmart,cshubb,False
0,0.000000,djmart,cshubb,False
0,0.000000,djmart,cshubb,False
0,0.000000,djmart,cshubb,False
0,0.000000,djmart,cshubb,False
0,0.000000,djmart,9338497,False
0,0.000000,djmart,9338497,False
0,0.000000,djmart,9338497,False
0,0.000000,djmart,unknown,False
0,0.000000,djmart,unknown,False
0,0.000000,djmart,unknown,False
0,0.000000,djmart,9338497,False
0,0.000000,djmart,unknown,False
0,0.000000,dmwest,gjhero,False
0,0.000000,dmwest,gjhero,False
0,0.000000,dmwest,gjhero,False
0,0.000000,dmwest,gjhero,False
0,0.000000,dmwest,gjhero,False
0,0.000000,dmwest,gjhero,False
0,0.000000,dmwest,gjhero,False
0,0.000000,dmwest,gjhero,False
0,0.000000,dmwest,gjhero,False
0,0.000000,dmwest,gjhero,False
0,0.000000,dmwest,gjhero,False
0,0.000000,dmwest,gjhero,False
0,0.000000,dmwest,gjhero,False
0,0.000000,dmwest,gjhero,False
0,0.000000,dmwest,gjhero,False
0,0.000000,dmwest,gjhero,False
0,0.000000,dmwest,gjhero,False
0,0.000000,dmwest,gjhero,False
0,0.000000,dmwest,gjhero,False
0,0.000000,gdhatc,sandm,False
0,0.000000,gdhatc,klclar,False
0,0.000000,gdhatc,sandm,False
0,0.000000,gdhatc,sandm,False
0,0.000000,gdhatc,klclar,False
0,0.000000,gdhatc,sandm,False
0,0.000000,gdhatc,sandm,False
0,0.000000,gdhatc,sandm,False
0,0.000000,gdhatc,sandm,False
0,0.000000,gdhatc,sandm,False
0,0.000000,gdhatc,sandm,False
0,0.000000,gdhatc,klclar,False
0,0.000000,gdhatc,klclar,False
0,0.000000,gdhatc,klclar,False
0,0.000000,gdhatc,klclar,False
0,0.000000,gdhatc,sandm,False
0,0.000000,gdhatc,sandm,False
0,0.000000,gdhatc,sandm,False
0,0.000000,gdhatc,sandm,False
0,0.000000,ggeorg,9338462,False
0,0.000000,ggeorg,9338462,False
0,0.000000,ggeorg,9338462,False
0,0.000000,ggeorg,9338519,False
0,0.000000,ggeorg,9338462,False
0,0.000000,ggeorg,9338462,False
0,0.000000,ggeorg,9338462,False
0,0.000000,ggeorg,9338462,False
0,0.000000,ggeorg,9338519,False
0,0.000000,ggeorg,9338462,False
0,0.000000,ggeorg,9338462,False
0,0.000000,ggeorg,9338519,False
0,0.000000,ggeorg,9338462,False
0,0.000000,ggeorg,9338462,False
0,0.000000,ggeorg,9338462,False
0,0.000000,ggeorg,9338462,False
0,0.000000,ggeorg,9338462,False
0,0.000000,ggeorg,9338462,False
0,0.000000,ggeorg,9338519,False
0,0.000000,ggrego,9338527,False
0,0.000000,ggrego,9338527,False
0,0.000000,ggrego,9338497,False
0,0.000000,ggrego,9338527,False
0,0.000000,ggrego,9338497,False
0,0.000000,ggrego,9338527,False
0,0.000000,ggrego,9338497,False
0,0.000000,ggrego,9338497,False
0,0.000000,ggrego,9338497,False
0,0.000000,ggrego,9338527,False
0,0.000000,ggrego,anonym,False
0,0.000000,ggrego,9338527,False
0,0.000000,ggrego,9338527,False
0,0.000000,ggrego,9338527,False
0,0.000000,ggrego,9338527,False
0,0.000000,ggrego,9338527,False
0,0.000000,ggrego,9338527,False
0,0.000000,ggrego,9338527,False
0,0.000000,ggrego,9338527,False
1,0.000000,gjhero,gjhero,True
1,0.000000,gjhero,gjhero,True
1,0.000000,gjhero,gjhero,True
1,0.000000,gjhero,gjhero,True
1,0.000000,gjhero,gjhero,True
1,0.000000,gjhero,gjhero,True
1,0.000000,gjhero,gjhero,True
1,0.000000,gjhero,gjhero,True
1,0.000000,gjhero,gjhero,True
1,0.000000,gjhero,gjhero,True
1,0.000000,gjhero,gjhero,True
1,0.000000,gjhero,gjhero,True
1,0.000000,gjhero,gjhero,True
1,0.000000,gjhero,gjhero,True
1,0.000000,gjhero,gjhero,True
1,0.000000,gjhero,gjhero,True
1,0.000000,gjhero,gjhero,True
1,0.000000,gjhero,gjhero,True
1,0.000000,gjhero,gjhero,True
1,0.000000,gjnorm,gjnorm,True
1,0.000000,gjnorm,gjnorm,True
1,0.000000,gjnorm,gjnorm,True
1,0.000000,gjnorm,gjnorm,True
1,0.000000,gjnorm,gjnorm,True
1,0.000000,gjnorm,gjnorm,True
1,0.000000,gjnorm,gjnorm,True
1,0.000000,gjnorm,gjnorm,True
1,0.000000,gjnorm,gjnorm,True
1,0.000000,gjnorm,gjnorm,True
1,0.000000,gjnorm,gjnorm,True
1,0.000000,gjnorm,gjnorm,True
1,0.000000,gjnorm,gjnorm,True
1,0.000000,gjnorm,gjnorm,True
1,0.000000,gjnorm,gjnorm,True
1,0.000000,gjnorm,gjnorm,True
1,0.000000,gjnorm,gjnorm,True
1,0.000000,gjnorm,gjnorm,True
1,0.000000,gjnorm,gjnorm,True
0,0.000000,gmwate,klclar,False
0,0.000000,gmwate,klclar,False
0,0.000000,gmwate,klclar,False
0,0.000000,gmwate,klclar,False
0,0.000000,gmwate,klclar,False
0,0.000000,gmwate,klclar,False
0,0.000000,gmwate,klclar,False
0,0.000000,gmwate,klclar,False
0,0.000000,gmwate,klclar,False
0,0.000000,gmwate,klclar,False
0,0.000000,gmwate,klclar,False
0,0.000000,gmwate,klclar,False
0,0.000000,gmwate,klclar,False
0,0.000000,gmwate,klclar,False
0,0.000000,gmwate,klclar,False
0,0.000000,gmwate,klclar,False
0,0.000000,gmwate,klclar,False
0,0.000000,gmwate,klclar,False
0,0.000000,gmwate,klclar,False
0,0.000000,gpapaz,rrowle,False
0,0.000000,gpapaz,rrowle,False
0,0.000000,gpapaz,rrowle,False
0,0.000000,gpapaz,rrowle,False
0,0.000000,gpapaz,rrowle,False
0,0.000000,gpapaz,rrowle,False
0,0.000000,gpapaz,rrowle,False
0,0.000000,gpapaz,rrowle,False
0,0.000000,gpapaz,rrowle,False
0,0.000000,gpapaz,rrowle,False
0,0.000000,gpapaz,rrowle,False
0,0.000000,gpapaz,rrowle,False
0,0.000000,gpapaz,rrowle,False
0,0.000000,gpapaz,rrowle,False
0,0.000000,gpapaz,rrowle,False
0,0.000000,gpapaz,rrowle,False
0,0.000000,gpapaz,rrowle,False
0,0.000000,gpapaz,rrowle,False
0,0.000000,gpapaz,rrowle,False
0,0.000000,gpsmit,gjnorm,False
0,0.000000,gpsmit,gjnorm,False
0,0.000000,gpsmit,gjnorm,False
0,0.000000,gpsmit,gjnorm,False
0,0.000000,gpsmit,gjnorm,False
0,0.000000,gpsmit,gjnorm,False
0,0.000000,gpsmit,gjnorm,False
0,0.000000,gpsmit,gjnorm,False
0,0.000000,gpsmit,swsmit,False
0,0.000000,gpsmit,gjnorm,False
0,0.000000,gpsmit,gjnorm,False
0,0.000000,gpsmit,gjnorm,False
0,0.000000,gpsmit,gjnorm,False
0,0.000000,gpsmit,swsmit,False
0,0.000000,gpsmit,gjnorm,False
0,0.000000,gpsmit,swsmit,False
0,0.000000,gpsmit,gjnorm,False
0,0.000000,gpsmit,gjnorm,False
0,0.000000,gpsmit,gjnorm,False
0,0.000000,gsreas,cshubb,False
0,0.000000,gsreas,swsmit,False
0,0.000000,gsreas,swsmit,False
0,0.000000,gsreas,swsmit,False
0,0.000000,gsreas,swsmit,False
0,0.000000,gsreas,swsmit,False
0,0.000000,gsreas,9338519,False
0,0.000000,gsreas,swsmit,False
0,0.000000,gsreas,jlemon,False
0,0.000000,gsreas,jlemon,False
0,0.000000,gsreas,phughe,False
0,0.000000,gsreas,swsmit,False
0,0.000000,gsreas,swsmit,False
0,0.000000,gsreas,swsmit,False
0,0.000000,gsreas,cshubb,False
0,0.000000,gsreas,swsmit,False
0,0.000000,gsreas,swsmit,False
0,0.000000,gsreas,swsmit,False
0,0.000000,gsreas,swsmit,False
0,0.000000,irdrew,9338497,False
0,0.000000,irdrew,9338497,False
0,0.000000,irdrew,jrtobi,False
0,0.000000,irdrew,robin,False
0,0.000000,irdrew,9338497,False
0,0.000000,irdrew,jrtobi,False
0,0.000000,irdrew,9338497,False
0,0.000000,irdrew,9338497,False
0,0.000000,irdrew,jrtobi,False
0,0.000000,irdrew,9338497,False
0,0.000000,irdrew,jrtobi,False
0,0.000000,irdrew,jrtobi,False
0,0.000000,irdrew,jrtobi,False
0,0.000000,irdrew,jrtobi,False
0,0.000000,irdrew,jrtobi,False
0,0.000000,irdrew,jrtobi,False
0,0.000000,irdrew,jrtobi,False
0,0.000000,irdrew,jrtobi,False
0,0.000000,irdrew,sandm,False
0,0.000000,jabins,9338519,False
0,0.000000,jabins,9338519,False
0,0.000000,jabins,9338519,False
0,0.000000,jabins,9338519,False
0,0.000000,jabins,9338519,False
0,0.000000,jabins,9338519,False
0,0.000000,jabins,9338519,False
0,0.000000,jabins,9338519,False
0,0.000000,jabins,9338519,False
0,0.000000,jabins,9338519,False
0,0.000000,jabins,9338519,False
0,0.000000,jabins,9338519,False
0,0.000000,jabins,9338519,False
0,0.000000,jabins,9338519,False
0,0.000000,jabins,9338519,False
0,0.000000,jabins,9338519,False
0,0.000000,jabins,9338519,False
0,0.000000,jabins,9338519,False
0,0.000000,jabins,9338519,False
0,0.000000,jagrif,robin,False
0,0.000000,jagrif,robin,False
0,0.000000,jagrif,robin,False
0,0.000000,jagrif,robin,False
0,0.000000,jagrif,robin,False
0,0.000000,jagrif,robin,False
0,0.000000,jagrif,robin,False
0,0.000000,jagrif,robin,False
0,0.000000,jagrif,robin,False
0,0.000000,jagrif,robin,False
0,0.000000,jagrif,robin,False
0,0.000000,jagrif,robin,False
0,0.000000,jagrif,robin,False
0,0.000000,jagrif,robin,False
0,0.000000,jagrif,robin,False
0,0.000000,jagrif,robin,False
0,0.000000,jagrif,robin,False
0,0.000000,jagrif,robin,False
0,0.000000,jagrif,robin,False
0,0.000000,jcarte,9338497,False
0,0.000000,jcarte,martin,False
0,0.000000,jcarte,jrtobi,False
0,0.000000,jcarte,jrtobi,False
0,0.000000,jcarte,jrtobi,False
0,0.000000,jcarte,jrtobi,False
0,0.000000,jcarte,jrtobi,False
0,0.000000,jcarte,jrtobi,False
0,0.000000,jcarte,jrtobi,False
0,0.000000,jcarte,martin,False
0,0.000000,jcarte,martin,False
0,0.000000,jcarte,jrtobi,False
0,0.000000,jcarte,martin,False
0,0.000000,jcarte,jrtobi,False
0,0.000000,jcarte,martin,False
0,0.000000,jcarte,martin,False
0,0.000000,jcarte,martin,False
0,0.000000,jcarte,jrtobi,False
0,0.000000,jcarte,martin,False
0,0.000000,jdbenm,martin,False
0,0.000000,jdbenm,martin,False
0,0.000000,jdbenm,martin,False
0,0.000000,jdbenm,martin,False
0,0.000000,jdbenm,martin,False
0,0.000000,jdbenm,martin,False
0,0.000000,jdbenm,martin,False
0,0.000000,jdbenm,martin,False
0,0.000000,jdbenm,martin,False
0,0.000000,jdbenm,martin,False
0,0.000000,jdbenm,martin,False
0,0.000000,jdbenm,martin,False
0,0.000000,jdbenm,martin,False
0,0.000000,jdbenm,cshubb,False
0,0.000000,jdbenm,cshubb,False
0,0.000000,jdbenm,martin,False
0,0.000000,jdbenm,cshubb,False
0,0.000000,jdbenm,cshubb,False
0,0.000000,jdbenm,cshubb,False
0,0.000000,jgloma,9338462,False
0,0.000000,jgloma,9338462,False
0,0.000000,jgloma,9338462,False
0,0.000000,jgloma,9338462,False
0,0.000000,jgloma,9338462,False
0,0.000000,jgloma,9338462,False
0,0.000000,jgloma,9338462,False
0,0.000000,jgloma,9338462,False
0,0.000000,jgloma,9338462,False
0,0.000000,jgloma,9338462,False
0,0.000000,jgloma,9338462,False
0,0.000000,jgloma,9338462,False
0,0.000000,jgloma,9338462,False
0,0.000000,jgloma,9338462,False
0,0.000000,jgloma,9338462,False
0,0.000000,jgloma,9338462,False
0,0.000000,jgloma,anonym,False
0,0.000000,jgloma,9338462,False
0,0.000000,jgloma,9338462,False
1,0.000000,jlemon,jlemon,True
1,0.000000,jlemon,jlemon,True
1,0.000000,jlemon,jlemon,True
1,0.000000,jlemon,jlemon,True
1,0.000000,jlemon,jlemon,True
1,0.000000,jlemon,jlemon,True
1,0.000000,jlemon,jlemon,True
1,0.000000,jlemon,jlemon,True
1,0.000000,jlemon,jlemon,True
1,0.000000,jlemon,jlemon,True
1,0.000000,jlemon,jlemon,True
1,0.000000,jlemon,jlemon,True
1,0.000000,jlemon,jlemon,True
1,0.000000,jlemon,jlemon,True
1,0.000000,jlemon,jlemon,True
1,0.000000,jlemon,jlemon,True
1,0.000000,jlemon,jlemon,True
1,0.000000,jlemon,jlemon,True
1,0.000000,jlemon,jlemon,True
0,0.000000,jmedin,9338497,False
0,0.000000,jmedin,9338497,False
0,0.000000,jmedin,9338497,False
0,0.000000,jmedin,9338497,False
0,0.000000,jmedin,9338497,False
0,0.000000,jmedin,9338497,False
0,0.000000,jmedin,9338497,False
0,0.000000,jmedin,9338497,False
0,0.000000,jmedin,9338497,False
0,0.000000,jmedin,9338497,False
0,0.000000,jmedin,9338497,False
0,0.000000,jmedin,9338497,False
0,0.000000,jmedin,9338497,False
0,0.000000,jmedin,9338497,False
0,0.000000,jmedin,9338497,False
0,0.000000,jmedin,9338497,False
0,0.000000,jmedin,9338497,False
0,0.000000,jmedin,9338497,False
0,0.000000,jmedin,9338497,False
1,0.000000,jrtobi,jrtobi,True
1,0.000000,jrtobi,jrtobi,True
1,0.000000,jrtobi,jrtobi,True
1,0.000000,jrtobi,jrtobi,True
1,0.000000,jrtobi,jrtobi,True
1,0.000000,jrtobi,jrtobi,True
1,0.000000,jrtobi,jrtobi,True
1,0.000000,jrtobi,jrtobi,True
1,0.000000,jrtobi,jrtobi,True
1,0.000000,jrtobi,jrtobi,True
1,0.000000,jrtobi,jrtobi,True
1,0.000000,jrtobi,jrtobi,True
1,0.000000,jrtobi,jrtobi,True
1,0.000000,jrtobi,jrtobi,True
1,0.000000,jrtobi,jrtobi,True
1,0.000000,jrtobi,jrtobi,True
1,0.000000,jrtobi,jrtobi,True
1,0.000000,jrtobi,jrtobi,True
1,0.000000,jrtobi,jrtobi,True
0,0.000000,kaatki,nrclar,False
0,0.000000,kaatki,nrclar,False
0,0.000000,kaatki,nrclar,False
0,0.000000,kaatki,nrclar,False
0,0.000000,kaatki,nrclar,False
0,0.000000,kaatki,cshubb,False
0,0.000000,kaatki,cshubb,False
0,0.000000,kaatki,nrclar,False
0,0.000000,kaatki,nrclar,False
0,0.000000,kaatki,nrclar,False
0,0.000000,kaatki,cshubb,False
0,0.000000,kaatki,cshubb,False
0,0.000000,kaatki,cshubb,False
0,0.000000,kaatki,nrclar,False
0,0.000000,kaatki,nrclar,False
0,0.000000,kaatki,nrclar,False
0,0.000000,kaatki,nrclar,False
0,0.000000,kaatki,nrclar,False
0,0.000000,kaatki,cshubb,False
0,0.000000,kdjone,ajsega,False
0,0.000000,kdjone,ajsega,False
0,0.000000,kdjone,ajsega,False
0,0.000000,kdjone,ajsega,False
0,0.000000,kdjone,ajsega,False
0,0.000000,kdjone,ajsega,False
0,0.000000,kdjone,ajsega,False
0,0.000000,kdjone,ajsega,False
0,0.000000,kdjone,ajsega,False
0,0.000000,kdjone,ajsega,False
0,0.000000,kdjone,ajsega,False
0,0.000000,kdjone,swsmit,False
0,0.000000,kdjone,swsmit,False
0,0.000000,kdjone,swsmit,False
0,0.000000,kdjone,swsmit,False
0,0.000000,kdjone,swsmit,False
0,0.000000,kdjone,swsmit,False
0,0.000000,kdjone,swsmit,False
0,0.000000,kdjone,swsmit,False
0,0.000000,khchan,anpage,False
0,0.000000,khchan,anpage,False
0,0.000000,khchan,anpage,False
0,0.000000,khchan,anpage,False
0,0.000000,khchan,anpage,False
0,0.000000,khchan,anpage,False
0,0.000000,khchan,phughe,False
0,0.000000,khchan,9338497,False
0,0.000000,khchan,phughe,False
0,0.000000,khchan,anpage,False
0,0.000000,khchan,anpage,False
0,0.000000,khchan,anpage,False
0,0.000000,khchan,anpage,False
0,0.000000,khchan,anpage,False
0,0.000000,khchan,anpage,False
0,0.000000,khchan,anpage,False
0,0.000000,khchan,anpage,False
0,0.000000,khchan,anpage,False
0,0.000000,khchan,phughe,False
0,0.000000,khughe,gjnorm,False
0,0.000000,khughe,9338462,False
0,0.000000,khughe,klclar,False
0,0.000000,khughe,phughe,False
0,0.000000,khughe,klclar,False
0,0.000000,khughe,klclar,False
0,0.000000,khughe,anpage,False
0,0.000000,khughe,klclar,False
0,0.000000,khughe,klclar,False
0,0.000000,khughe,9338462,False
0,0.000000,khughe,gjnorm,False
0,0.000000,khughe,gjnorm,False
0,0.000000,khughe,gjnorm,False
0,0.000000,khughe,9338462,False
0,0.000000,khughe,gjnorm,False
0,0.000000,khughe,gjnorm,False
0,0.000000,khughe,gjnorm,False
0,0.000000,khughe,9338462,False
0,0.000000,khughe,9338462,False
0,0.000000,kjwith,ajsega,False
0,0.000000,kjwith,ajsega,False
0,0.000000,kjwith,jrtobi,False
0,0.000000,kjwith,ajsega,False
0,0.000000,kjwith,ajsega,False
0,0.000000,kjwith,ajsega,False
0,0.000000,kjwith,jrtobi,False
0,0.000000,kjwith,jrtobi,False
0,0.000000,kjwith,jrtobi,False
0,0.000000,kjwith,ajsega,False
0,0.000000,kjwith,jrtobi,False
0,0.000000,kjwith,ajsega,False
0,0.000000,kjwith,ajsega,False
0,0.000000,kjwith,ajsega,False
0,0.000000,kjwith,jrtobi,False
0,0.000000,kjwith,ajsega,False
0,0.000000,kjwith,ajsega,False
0,0.000000,kjwith,ajsega,False
0,0.000000,kjwith,ajsega,False
0,0.000000,lejnno,klclar,False
0,0.000000,lejnno,phughe,False
0,0.000000,lejnno,klclar,False
0,0.000000,lejnno,phughe,False
0,0.000000,lejnno,phughe,False
0,0.000000,lejnno,klclar,False
0,0.000000,lejnno,klclar,False
0,0.000000,lejnno,klclar,False
0,0.000000,lejnno,phughe,False
0,0.000000,lejnno,phughe,False
0,0.000000,lejnno,klclar,False
0,0.000000,lejnno,phughe,False
0,0.000000,lejnno,phughe,False
0,0.000000,lejnno,phughe,False
0,0.000000,lejnno,klclar,False
0,0.000000,lejnno,phughe,False
0,0.000000,lejnno,phughe,False
0,0.000000,lejnno,phughe,False
0,0.000000,lejnno,phughe,False
0,0.000000,maasht,cshubb,False
0,0.000000,maasht,9338527,False
0,0.000000,maasht,9338527,False
0,0.000000,maasht,9338527,False
0,0.000000,maasht,rrowle,False
0,0.000000,maasht,9338527,False
0,0.000000,maasht,9338527,False
0,0.000000,maasht,9338527,False
0,0.000000,maasht,9338527,False
0,0.000000,maasht,9338527,False
0,0.000000,maasht,9338527,False
0,0.000000,maasht,9338462,False
0,0.000000,maasht,9338462,False
0,0.000000,maasht,gjnorm,False
0,0.000000,maasht,gjnorm,False
0,0.000000,maasht,9338462,False
0,0.000000,maasht,9338462,False
0,0.000000,maasht,9338462,False
0,0.000000,maasht,gjnorm,False
0,0.000000,mberdo,swsmit,False
0,0.000000,mberdo,ajsega,False
0,0.000000,mberdo,ajsega,False
0,0.000000,mberdo,ajsega,False
0,0.000000,mberdo,robin,False
0,0.000000,mberdo,gjhero,False
0,0.000000,mberdo,gjhero,False
0,0.000000,mberdo,gjhero,False
0,0.000000,mberdo,robin,False
0,0.000000,mberdo,robin,False
0,0.000000,mberdo,robin,False
0,0.000000,mberdo,robin,False
0,0.000000,mberdo,robin,False
0,0.000000,mberdo,robin,False
0,0.000000,mberdo,robin,False
0,0.000000,mberdo,robin,False
0,0.000000,mberdo,ajsega,False
0,0.000000,mberdo,robin,False
0,0.000000,mberdo,ajsega,False
0,0.000000,mdpove,martin,False
0,0.000000,mdpove,cshubb,False
0,0.000000,mdpove,martin,False
0,0.000000,mdpove,9338462,False
0,0.000000,mdpove,martin,False
0,0.000000,mdpove,martin,False
0,0.000000,mdpove,9338462,False
0,0.000000,mdpove,9338462,False
0,0.000000,mdpove,9338462,False
0,0.000000,mdpove,9338462,False
0,0.000000,mdpove,9338462,False
0,0.000000,mdpove,swsmit,False
0,0.000000,mdpove,swsmit,False
0,0.000000,mdpove,swsmit,False
0,0.000000,mdpove,swsmit,False
0,0.000000,mdpove,swsmit,False
0,0.000000,mdpove,swsmit,False
0,0.000000,mdpove,cshubb,False
0,0.000000,mdpove,cshubb,False
0,0.000000,mefait,jrtobi,False
0,0.000000,mefait,jrtobi,False
0,0.000000,mefait,jrtobi,False
0,0.000000,mefait,jrtobi,False
0,0.000000,mefait,jrtobi,False
0,0.000000,mefait,jrtobi,False
0,0.000000,mefait,sandm,False
0,0.000000,mefait,jrtobi,False
0,0.000000,mefait,jrtobi,False
0,0.000000,mefait,jrtobi,False
0,0.000000,mefait,jrtobi,False
0,0.000000,mefait,jrtobi,False
0,0.000000,mefait,jrtobi,False
0,0.000000,mefait,jrtobi,False
0,0.000000,mefait,jrtobi,False
0,0.000000,mefait,jrtobi,False
0,0.000000,mefait,jrtobi,False
0,0.000000,mefait,jrtobi,False
0,0.000000,mefait,jrtobi,False
0,0.000000,mhwill,ajsega,False
0,0.000000,mhwill,ajsega,False
0,0.000000,mhwill,jrtobi,False
0,0.000000,mhwill,martin,False
0,0.000000,mhwill,martin,False
0,0.000000,mhwill,martin,False
0,0.000000,mhwill,ajsega,False
0,0.000000,mhwill,jrtobi,False
0,0.000000,mhwill,jrtobi,False
0,0.000000,mhwill,ajsega,False
0,0.000000,mhwill,jrtobi,False
0,0.000000,mhwill,ajsega,False
0,0.000000,mhwill,ajsega,False
0,0.000000,mhwill,ajsega,False
0,0.000000,mhwill,ajsega,False
0,0.000000,mhwill,ajsega,False
0,0.000000,mhwill,ajsega,False
0,0.000000,mhwill,ajsega,False
0,0.000000,mhwill,ajsega,False
0,0.000000,miaduc,rrowle,False
0,0.000000,miaduc,rrowle,False
0,0.000000,miaduc,ajsega,False
0,0.000000,miaduc,rrowle,False
0,0.000000,miaduc,rrowle,False
0,0.000000,miaduc,9338462,False
0,0.000000,miaduc,rrowle,False
0,0.000000,miaduc,rrowle,False
0,0.000000,miaduc,rrowle,False
0,0.000000,miaduc,rrowle,False
0,0.000000,miaduc,rrowle,False
0,0.000000,miaduc,rrowle,False
0,0.000000,miaduc,rrowle,False
0,0.000000,miaduc,rrowle,False
0,0.000000,miaduc,rrowle,False
0,0.000000,miaduc,rrowle,False
0,0.000000,miaduc,rrowle,False
0,0.000000,miaduc,rrowle,False
0,0.000000,miaduc,rrowle,False
0,0.000000,mjhans,gjnorm,False
0,0.000000,mjhans,gjnorm,False
0,0.000000,mjhans,gjnorm,False
0,0.000000,mjhans,gjnorm,False
0,0.000000,mjhans,gjnorm,False
0,0.000000,mjhans,gjnorm,False
0,0.000000,mjhans,gjnorm,False
0,0.000000,mjhans,gjnorm,False
0,0.000000,mjhans,gjnorm,False
0,0.000000,mjhans,gjnorm,False
0,0.000000,mjhans,gjnorm,False
0,0.000000,mjhans,gjnorm,False
0,0.000000,mjhans,gjnorm,False
0,0.000000,mjhans,sandm,False
0,0.000000,mjhans,gjnorm,False
0,0.000000,mjhans,gjnorm,False
0,0.000000,mjhans,gjnorm,False
0,0.000000,mjhans,gjnorm,False
0,0.000000,mjhans,gjnorm,False
0,0.000000,mpetti,9338462,False
0,0.000000,mpetti,9338462,False
0,0.000000,mpetti,phughe,False
0,0.000000,mpetti,phughe,False
0,0.000000,mpetti,9338462,False
0,0.000000,mpetti,anpage,False
0,0.000000,mpetti,anpage,False
0,0.000000,mpetti,cshubb,False
0,0.000000,mpetti,anpage,False
0,0.000000,mpetti,9338462,False
0,0.000000,mpetti,9338462,False
0,0.000000,mpetti,phughe,False
0,0.000000,mpetti,9338462,False
0,0.000000,mpetti,cshubb,False
0,0.000000,mpetti,9338462,False
0,0.000000,mpetti,phughe,False
0,0.000000,mpetti,cshubb,False
0,0.000000,mpetti,anpage,False
0,0.000000,mpetti,phughe,False
0,0.000000,muthay,9338497,False
0,0.000000,muthay,9338497,False
0,0.000000,muthay,9338497,False
0,0.000000,muthay,anonym,False
0,0.000000,muthay,9338497,False
0,0.000000,muthay,9338497,False
0,0.000000,muthay,9338497,False
0,0.000000,muthay,9338497,False
0,0.000000,muthay,9338497,False
0,0.000000,muthay,9338497,False
0,0.000000,muthay,9338497,False
0,0.000000,muthay,9338497,False
0,0.000000,muthay,9338497,False
0,0.000000,muthay,9338497,False
0,0.000000,muthay,anonym,False
0,0.000000,muthay,anonym,False
0,0.000000,muthay,9338497,False
0,0.000000,muthay,9338497,False
0,0.000000,muthay,9338497,False
0,0.000000,nahaig,9338497,False
0,0.000000,nahaig,gjhero,False
0,0.000000,nahaig,9338497,False
0,0.000000,nahaig,9338527,False
0,0.000000,nahaig,9338527,False
0,0.000000,nahaig,gjhero,False
0,0.000000,nahaig,gjhero,False
0,0.000000,nahaig,9338497,False
0,0.000000,nahaig,gjhero,False
0,0.000000,nahaig,gjhero,False
0,0.000000,nahaig,gjhero,False
0,0.000000,nahaig,9338497,False
0,0.000000,nahaig,9338527,False
0,0.000000,nahaig,gjhero,False
0,0.000000,nahaig,gjhero,False
0,0.000000,nahaig,9338527,False
0,0.000000,nahaig,ajsega,False
0,0.000000,nahaig,gjhero,False
0,0.000000,nahaig,gjhero,False
0,0.000000,namull,jlemon,False
0,0.000000,namull,jlemon,False
0,0.000000,namull,jlemon,False
0,0.000000,namull,jlemon,False
0,0.000000,namull,swsmit,False
0,0.000000,namull,swsmit,False
0,0.000000,namull,klclar,False
0,0.000000,namull,jlemon,False
0,0.000000,namull,swsmit,False
0,0.000000,namull,swsmit,False
0,0.000000,namull,swsmit,False
0,0.000000,namull,klclar,False
0,0.000000,namull,jlemon,False
0,0.000000,namull,klclar,False
0,0.000000,namull,gjhero,False
0,0.000000,namull,gjhero,False
0,0.000000,namull,gjhero,False
0,0.000000,namull,swsmit,False
0,0.000000,namull,jlemon,False
0,0.000000,ndbank,jrtobi,False
0,0.000000,ndbank,jrtobi,False
0,0.000000,ndbank,jrtobi,False
0,0.000000,ndbank,jrtobi,False
0,0.000000,ndbank,jrtobi,False
0,0.000000,ndbank,jrtobi,False
0,0.000000,ndbank,jrtobi,False
0,0.000000,ndbank,jrtobi,False
0,0.000000,ndbank,jrtobi,False
0,0.000000,ndbank,jrtobi,False
0,0.000000,ndbank,jrtobi,False
0,0.000000,ndbank,jrtobi,False
0,0.000000,ndbank,jrtobi,False
0,0.000000,ndbank,jrtobi,False
0,0.000000,ndbank,jrtobi,False
0,0.000000,ndbank,jrtobi,False
0,0.000000,ndbank,jrtobi,False
0,0.000000,ndbank,jrtobi,False
0,0.000000,ndbank,jrtobi,False
0,0.000000,ndhagu,9338462,False
0,0.000000,ndhagu,9338462,False
0,0.000000,ndhagu,9338462,False
0,0.000000,ndhagu,9338462,False
0,0.000000,ndhagu,9338462,False
0,0.000000,ndhagu,9338462,False
0,0.000000,ndhagu,9338462,False
0,0.000000,ndhagu,9338462,False
0,0.000000,ndhagu,9338462,False
0,0.000000,ndhagu,jrtobi,False
0,0.000000,ndhagu,nrclar,False
0,0.000000,ndhagu,9338462,False
0,0.000000,ndhagu,9338462,False
0,0.000000,ndhagu,9338462,False
0,0.000000,ndhagu,9338462,False
0,0.000000,ndhagu,9338462,False
0,0.000000,ndhagu,9338462,False
0,0.000000,ndhagu,9338462,False
0,0.000000,ndhagu,9338462,False
0,0.000000,nhrams,gjnorm,False
0,0.000000,nhrams,gjnorm,False
0,0.000000,nhrams,gjnorm,False
0,0.000000,nhrams,gjnorm,False
0,0.000000,nhrams,gjnorm,False
0,0.000000,nhrams,gjnorm,False
0,0.000000,nhrams,gjnorm,False
0,0.000000,nhrams,martin,False
0,0.000000,nhrams,martin,False
0,0.000000,nhrams,gjnorm,False
0,0.000000,nhrams,gjnorm,False
0,0.000000,nhrams,gjnorm,False
0,0.000000,nhrams,gjnorm,False
0,0.000000,nhrams,gjnorm,False
0,0.000000,nhrams,gjnorm,False
0,0.000000,nhrams,elduns,False
0,0.000000,nhrams,elduns,False
0,0.000000,nhrams,gjnorm,False
0,0.000000,nhrams,gjnorm,False
0,0.000000,njmoor,anonym,False
0,0.000000,njmoor,anonym,False
0,0.000000,njmoor,anonym,False
0,0.000000,njmoor,anonym,False
0,0.000000,njmoor,anonym,False
0,0.000000,njmoor,nrclar,False
0,0.000000,njmoor,anonym,False
0,0.000000,njmoor,9338519,False
0,0.000000,njmoor,anonym,False
0,0.000000,njmoor,anonym,False
0,0.000000,njmoor,anonym,False
0,0.000000,njmoor,9338519,False
0,0.000000,njmoor,9338519,False
0,0.000000,njmoor,9338519,False
0,0.000000,njmoor,anonym,False
0,0.000000,njmoor,anonym,False
0,0.000000,njmoor,anonym,False
0,0.000000,njmoor,9338519,False
0,0.000000,njmoor,anonym,False
0,0.000000,npbour,cshubb,False
0,0.000000,npbour,cshubb,False
0,0.000000,npbour,cshubb,False
0,0.000000,npbour,cshubb,False
0,0.000000,npbour,cshubb,False
0,0.000000,npbour,cshubb,False
0,0.000000,npbour,cshubb,False
0,0.000000,npbour,cshubb,False
0,0.000000,npbour,cshubb,False
0,0.000000,npbour,cshubb,False
0,0.000000,npbour,cshubb,False
0,0.000000,npbour,cshubb,False
0,0.000000,npbour,cshubb,False
0,0.000000,npbour,cshubb,False
0,0.000000,npbour,cshubb,False
0,0.000000,npbour,cshubb,False
0,0.000000,npbour,cshubb,False
0,0.000000,npbour,cshubb,False
0,0.000000,npbour,cshubb,False
0,0.000000,npmitc,klclar,False
0,0.000000,npmitc,klclar,False
0,0.000000,npmitc,klclar,False
0,0.000000,npmitc,klclar,False
0,0.000000,npmitc,swsmit,False
0,0.000000,npmitc,robin,False
0,0.000000,npmitc,klclar,False
0,0.000000,npmitc,swsmit,False
0,0.000000,npmitc,robin,False
0,0.000000,npmitc,klclar,False
0,0.000000,npmitc,klclar,False
0,0.000000,npmitc,robin,False
0,0.000000,npmitc,swsmit,False
0,0.000000,npmitc,robin,False
0,0.000000,npmitc,swsmit,False
0,0.000000,npmitc,swsmit,False
0,0.000000,npmitc,swsmit,False
0,0.000000,npmitc,klclar,False
0,0.000000,npmitc,klclar,False
1,0.000000,nrclar,nrclar,True
1,0.000000,nrclar,nrclar,True
1,0.000000,nrclar,nrclar,True
1,0.000000,nrclar,nrclar,True
1,0.000000,nrclar,nrclar,True
1,0.000000,nrclar,nrclar,True
1,0.000000,nrclar,nrclar,True
1,0.000000,nrclar,nrclar,True
1,0.000000,nrclar,nrclar,True
1,0.000000,nrclar,nrclar,True
1,0.000000,nrclar,nrclar,True
1,0.000000,nrclar,nrclar,True
1,0.000000,nrclar,nrclar,True
1,0.000000,nrclar,nrclar,True
1,0.000000,nrclar,nrclar,True
1,0.000000,nrclar,nrclar,True
1,0.000000,nrclar,nrclar,True
1,0.000000,nrclar,nrclar,True
1,0.000000,nrclar,nrclar,True
0,0.000000,nrrbar,ajsega,False
0,0.000000,nrrbar,9338497,False
0,0.000000,nrrbar,ajsega,False
0,0.000000,nrrbar,9338497,False
0,0.000000,nrrbar,9338497,False
0,0.000000,nrrbar,gjhero,False
0,0.000000,nrrbar,gjhero,False
0,0.000000,nrrbar,9338497,False
0,0.000000,nrrbar,9338497,False
0,0.000000,nrrbar,9338497,False
0,0.000000,nrrbar,9338497,False
0,0.000000,nrrbar,9338497,False
0,0.000000,nrrbar,9338497,False
0,0.000000,nrrbar,9338497,False
0,0.000000,nrrbar,9338497,False
0,0.000000,nrrbar,9338497,False
0,0.000000,nrrbar,9338497,False
0,0.000000,nrrbar,9338497,False
0,0.000000,nrrbar,9338497,False
0,0.000000,nwilli,rrowle,False
0,0.000000,nwilli,cshubb,False
0,0.000000,nwilli,nrclar,False
0,0.000000,nwilli,cshubb,False
0,0.000000,nwilli,cgboyc,False
0,0.000000,nwilli,cshubb,False
0,0.000000,nwilli,cgboyc,False
0,0.000000,nwilli,cgboyc,False
0,0.000000,nwilli,cshubb,False
0,0.000000,nwilli,cshubb,False
0,0.000000,nwilli,cgboyc,False
0,0.000000,nwilli,cshubb,False
0,0.000000,nwilli,cshubb,False
0,0.000000,nwilli,cshubb,False
0,0.000000,nwilli,cshubb,False
0,0.000000,nwilli,rrowle,False
0,0.000000,nwilli,cshubb,False
0,0.000000,nwilli,cshubb,False
0,0.000000,nwilli,cgboyc,False
0,0.000000,ohpark,9338497,False
0,0.000000,ohpark,9338497,False
0,0.000000,ohpark,9338497,False
0,0.000000,ohpark,9338497,False
0,0.000000,ohpark,9338497,False
0,0.000000,ohpark,9338497,False
0,0.000000,ohpark,9338497,False
0,0.000000,ohpark,9338497,False
0,0.000000,ohpark,9338497,False
0,0.000000,ohpark,9338497,False
0,0.000000,ohpark,9338497,False
0,0.000000,ohpark,9338497,False
0,0.000000,ohpark,9338497,False
0,0.000000,ohpark,9338497,False
0,0.000000,ohpark,9338497,False
0,0.000000,ohpark,9338497,False
0,0.000000,ohpark,9338497,False
0,0.000000,ohpark,9338497,False
0,0.000000,ohpark,9338497,False
0,0.000000,pacole,klclar,False
0,0.000000,pacole,klclar,False
0,0.000000,pacole,klclar,False
0,0.000000,pacole,rrowle,False
0,0.000000,pacole,klclar,False
0,0.000000,pacole,klclar,False
0,0.000000,pacole,klclar,False
0,0.000000,pacole,klclar,False
0,0.000000,pacole,klclar,False
0,0.000000,pacole,klclar,False
0,0.000000,pacole,klclar,False
0,0.000000,pacole,klclar,False
0,0.000000,pacole,klclar,False
0,0.000000,pacole,klclar,False
0,0.000000,pacole,klclar,False
0,0.000000,pacole,klclar,False
0,0.000000,pacole,klclar,False
0,0.000000,pacole,klclar,False
0,0.000000,pacole,klclar,False
0,0.000000,pmives,rrowle,False
0,0.000000,pmives,rrowle,False
0,0.000000,pmives,rrowle,False
0,0.000000,pmives,rrowle,False
0,0.000000,pmives,rrowle,False
0,0.000000,pmives,rrowle,False
0,0.000000,pmives,rrowle,False
0,0.000000,pmives,rrowle,False
0,0.000000,pmives,rrowle,False
0,0.000000,pmives,rrowle,False
0,0.000000,pmives,rrowle,False
0,0.000000,pmives,cshubb,False
0,0.000000,pmives,rrowle,False
0,0.000000,pmives,rrowle,False
0,0.000000,pmives,rrowle,False
0,0.000000,pmives,cshubb,False
0,0.000000,pmives,rrowle,False
0,0.000000,pmives,rrowle,False
0,0.000000,pmives,rrowle,False
0,0.000000,pshurr,cshubb,False
0,0.000000,pshurr,cshubb,False
0,0.000000,pshurr,cshubb,False
0,0.000000,pshurr,cshubb,False
0,0.000000,pshurr,cshubb,False
0,0.000000,pshurr,cshubb,False
0,0.000000,pshurr,cshubb,False
0,0.000000,pshurr,cshubb,False
0,0.000000,pshurr,cshubb,False
0,0.000000,pshurr,phughe,False
0,0.000000,pshurr,9338519,False
0,0.000000,pshurr,cshubb,False
0,0.000000,pshurr,cshubb,False
0,0.000000,pshurr,cshubb,False
0,0.000000,pshurr,cshubb,False
0,0.000000,pshurr,cshubb,False
0,0.000000,pshurr,cshubb,False
0,0.000000,pshurr,cshubb,False
0,0.000000,pshurr,cshubb,False
0,0.000000,pspliu,phughe,False
0,0.000000,pspliu,phughe,False
0,0.000000,pspliu,phughe,False
0,0.000000,pspliu,phughe,False
0,0.000000,pspliu,klclar,False
0,0.000000,pspliu,phughe,False
0,0.000000,pspliu,phughe,False
0,0.000000,pspliu,klclar,False
0,0.000000,pspliu,klclar,False
0,0.000000,pspliu,klclar,False
0,0.000000,pspliu,klclar,False
0,0.000000,pspliu,klclar,False
0,0.000000,pspliu,phughe,False
0,0.000000,pspliu,klclar,False
0,0.000000,pspliu,phughe,False
0,0.000000,pspliu,phughe,False
0,0.000000,pspliu,klclar,False
0,0.000000,pspliu,klclar,False
0,0.000000,pspliu,klclar,False
0,0.000000,ptnich,cshubb,False
0,0.000000,ptnich,cshubb,False
0,0.000000,ptnich,cshubb,False
0,0.000000,ptnich,cshubb,False
0,0.000000,ptnich,cshubb,False
0,0.000000,ptnich,cshubb,False
0,0.000000,ptnich,cshubb,False
0,0.000000,ptnich,cshubb,False
0,0.000000,ptnich,cshubb,False
0,0.000000,ptnich,cshubb,False
0,0.000000,ptnich,cshubb,False
0,0.000000,ptnich,cshubb,False
0,0.000000,ptnich,cshubb,False
0,0.000000,ptnich,cshubb,False
0,0.000000,ptnich,cshubb,False
0,0.000000,ptnich,cshubb,False
0,0.000000,ptnich,cshubb,False
0,0.000000,ptnich,cshubb,False
0,0.000000,ptnich,cshubb,False
0,0.000000,rarobi,cshubb,False
0,0.000000,rarobi,cshubb,False
0,0.000000,rarobi,cshubb,False
0,0.000000,rarobi,cshubb,False
0,0.000000,rarobi,cshubb,False
0,0.000000,rarobi,cshubb,False
0,0.000000,rarobi,cshubb,False
0,0.000000,rarobi,cshubb,False
0,0.000000,rarobi,cshubb,False
0,0.000000,rarobi,cshubb,False
0,0.000000,rarobi,cshubb,False
0,0.000000,rarobi,cshubb,False
0,0.000000,rarobi,cshubb,False
0,0.000000,rarobi,cshubb,False
0,0.000000,rarobi,cshubb,False
0,0.000000,rarobi,cshubb,False
0,0.000000,rarobi,cshubb,False
0,0.000000,rarobi,cshubb,False
0,0.000000,rarobi,cshubb,False
0,0.000000,rgharr,swsmit,False
0,0.000000,rgharr,swsmit,False
0,0.000000,rgharr,swsmit,False
0,0.000000,rgharr,swsmit,False
0,0.000000,rgharr,ajsega,False
0,0.000000,rgharr,swsmit,False
0,0.000000,rgharr,swsmit,False
0,0.000000,rgharr,swsmit,False
0,0.000000,rgharr,swsmit,False
0,0.000000,rgharr,swsmit,False
0,0.000000,rgharr,swsmit,False
0,0.000000,rgharr,ajsega,False
0,0.000000,rgharr,ajsega,False
0,0.000000,rgharr,9338527,False
0,0.000000,rgharr,9338527,False
0,0.000000,rgharr,swsmit,False
0,0.000000,rgharr,swsmit,False
0,0.000000,rgharr,swsmit,False
0,0.000000,rgharr,swsmit,False
0,0.000000,rgspru,sandm,False
0,0.000000,rgspru,sandm,False
0,0.000000,rgspru,sandm,False
0,0.000000,rgspru,sandm,False
0,0.000000,rgspru,sandm,False
0,0.000000,rgspru,sandm,False
0,0.000000,rgspru,sandm,False
0,0.000000,rgspru,sandm,False
0,0.000000,rgspru,sandm,False
0,0.000000,rgspru,sandm,False
0,0.000000,rgspru,sandm,False
0,0.000000,rgspru,sandm,False
0,0.000000,rgspru,sandm,False
0,0.000000,rgspru,sandm,False
0,0.000000,rgspru,sandm,False
0,0.000000,rgspru,sandm,False
0,0.000000,rgspru,sandm,False
0,0.000000,rgspru,sandm,False
0,0.000000,rgspru,sandm,False
0,0.000000,rjlabr,9338497,False
0,0.000000,rjlabr,9338497,False
0,0.000000,rjlabr,9338497,False
0,0.000000,rjlabr,9338497,False
0,0.000000,rjlabr,9338497,False
0,0.000000,rjlabr,klclar,False
0,0.000000,rjlabr,9338497,False
0,0.000000,rjlabr,9338497,False
0,0.000000,rjlabr,9338497,False
0,0.000000,rjlabr,9338497,False
0,0.000000,rjlabr,9338497,False
0,0.000000,rjlabr,klclar,False
0,0.000000,rjlabr,swsmit,False
0,0.000000,rjlabr,9338497,False
0,0.000000,rjlabr,9338497,False
0,0.000000,rjlabr,9338497,False
0,0.000000,rjlabr,klclar,False
0,0.000000,rjlabr,9338497,False
0,0.000000,rjlabr,9338497,False
0,0.000000,rlocke,phughe,False
0,0.000000,rlocke,phughe,False
0,0.000000,rlocke,phughe,False
0,0.000000,rlocke,phughe,False
0,0.000000,rlocke,phughe,False
0,0.000000,rlocke,phughe,False
0,0.000000,rlocke,phughe,False
0,0.000000,rlocke,phughe,False
0,0.000000,rlocke,cshubb,False
0,0.000000,rlocke,cshubb,False
0,0.000000,rlocke,phughe,False
0,0.000000,rlocke,phughe,False
0,0.000000,rlocke,phughe,False
0,0.000000,rlocke,phughe,False
0,0.000000,rlocke,phughe,False
0,0.000000,rlocke,cshubb,False
0,0.000000,rlocke,phughe,False
0,0.000000,rlocke,phughe,False
0,0.000000,rlocke,phughe,False
0,0.000000,rmcoll,gjnorm,False
0,0.000000,rmcoll,gjnorm,False
0,0.000000,rmcoll,gjnorm,False
0,0.000000,rmcoll,gjnorm,False
0,0.000000,rmcoll,nrclar,False
0,0.000000,rmcoll,gjnorm,False
0,0.000000,rmcoll,gjnorm,False
0,0.000000,rmcoll,gjnorm,False
0,0.000000,rmcoll,gjnorm,False
0,0.000000,rmcoll,nrclar,False
0,0.000000,rmcoll,gjnorm,False
0,0.000000,rmcoll,gjnorm,False
0,0.000000,rmcoll,elduns,False
0,0.000000,rmcoll,gjnorm,False
0,0.000000,rmcoll,gjnorm,False
0,0.000000,rmcoll,gjnorm,False
0,0.000000,rmcoll,elduns,False
0,0.000000,rmcoll,gjnorm,False
0,0.000000,rmcoll,gjnorm,False
0,0.000000,rmpugh,gjhero,False
0,0.000000,rmpugh,jrtobi,False
0,0.000000,rmpugh,gjhero,False
0,0.000000,rmpugh,gjhero,False
0,0.000000,rmpugh,gjhero,False
0,0.000000,rmpugh,gjhero,False
0,0.000000,rmpugh,gjhero,False
0,0.000000,rmpugh,gjhero,False
0,0.000000,rmpugh,gjhero,False
0,0.000000,rmpugh,gjhero,False
0,0.000000,rmpugh,gjhero,False
0,0.000000,rmpugh,gjhero,False
0,0.000000,rmpugh,gjhero,False
0,0.000000,rmpugh,gjhero,False
0,0.000000,rmpugh,gjhero,False
0,0.000000,rmpugh,gjhero,False
0,0.000000,rmpugh,gjhero,False
0,0.000000,rmpugh,gjhero,False
0,0.000000,rmpugh,gjhero,False
0,0.000000,rnpwil,nrclar,False
0,0.000000,rnpwil,nrclar,False
0,0.000000,rnpwil,nrclar,False
0,0.000000,rnpwil,nrclar,False
0,0.000000,rnpwil,martin,False
0,0.000000,rnpwil,martin,False
0,0.000000,rnpwil,nrclar,False
0,0.000000,rnpwil,nrclar,False
0,0.000000,rnpwil,martin,False
0,0.000000,rnpwil,martin,False
0,0.000000,rnpwil,martin,False
0,0.000000,rnpwil,nrclar,False
0,0.000000,rnpwil,martin,False
0,0.000000,rnpwil,martin,False
0,0.000000,rnpwil,martin,False
0,0.000000,rnpwil,martin,False
0,0.000000,rnpwil,martin,False
0,0.000000,rnpwil,martin,False
0,0.000000,rnpwil,martin,False
1,0.000000,rrowle,rrowle,True
1,0.000000,rrowle,rrowle,True
1,0.000000,rrowle,rrowle,True
1,0.000000,rrowle,rrowle,True
1,0.000000,rrowle,rrowle,True
1,0.000000,rrowle,rrowle,True
1,0.000000,rrowle,rrowle,True
1,0.000000,rrowle,rrowle,True
1,0.000000,rrowle,rrowle,True
1,0.000000,rrowle,rrowle,True
1,0.000000,rrowle,rrowle,True
1,0.000000,rrowle,rrowle,True
1,0.000000,rrowle,rrowle,True
1,0.000000,rrowle,rrowle,True
1,0.000000,rrowle,rrowle,True
1,0.000000,rrowle,rrowle,True
1,0.000000,rrowle,rrowle,True
1,0.000000,rrowle,rrowle,True
1,0.000000,rrowle,rrowle,True
0,0.000000,rsanti,cshubb,False
0,0.000000,rsanti,cshubb,False
0,0.000000,rsanti,cshubb,False
0,0.000000,rsanti,elduns,False
0,0.000000,rsanti,cshubb,False
0,0.000000,rsanti,nrclar,False
0,0.000000,rsanti,elduns,False
0,0.000000,rsanti,nrclar,False
0,0.000000,rsanti,cshubb,False
0,0.000000,rsanti,nrclar,False
0,0.000000,rsanti,elduns,False
0,0.000000,rsanti,nrclar,False
0,0.000000,rsanti,nrclar,False
0,0.000000,rsanti,nrclar,False
0,0.000000,rsanti,nrclar,False
0,0.000000,rsanti,cshubb,False
0,0.000000,rsanti,cshubb,False
0,0.000000,rsanti,cshubb,False
0,0.000000,rsanti,cshubb,False
0,0.000000,saduah,anonym,False
0,0.000000,saduah,anonym,False
0,0.000000,saduah,anonym,False
0,0.000000,saduah,anonym,False
0,0.000000,saduah,anonym,False
0,0.000000,saduah,anonym,False
0,0.000000,saduah,anonym,False
0,0.000000,saduah,anonym,False
0,0.000000,saduah,anonym,False
0,0.000000,saduah,anonym,False
0,0.000000,saduah,anonym,False
0,0.000000,saduah,anonym,False
0,0.000000,saduah,anonym,False
0,0.000000,saduah,anonym,False
0,0.000000,saduah,anonym,False
0,0.000000,saduah,anonym,False
0,0.000000,saduah,anonym,False
0,0.000000,saduah,anonym,False
0,0.000000,saduah,anonym,False
0,0.000000,saedwa,swsmit,False
0,0.000000,saedwa,swsmit,False
0,0.000000,saedwa,swsmit,False
0,0.000000,saedwa,swsmit,False
0,0.000000,saedwa,swsmit,False
0,0.000000,saedwa,swsmit,False
0,0.000000,saedwa,swsmit,False
0,0.000000,saedwa,swsmit,False
0,0.000000,saedwa,swsmit,False
0,0.000000,saedwa,swsmit,False
0,0.000000,saedwa,swsmit,False
0,0.000000,saedwa,swsmit,False
0,0.000000,saedwa,swsmit,False
0,0.000000,saedwa,swsmit,False
0,0.000000,saedwa,swsmit,False
0,0.000000,saedwa,swsmit,False
0,0.000000,saedwa,swsmit,False
0,0.000000,saedwa,swsmit,False
0,0.000000,saedwa,swsmit,False
0,0.000000,sidick,jrtobi,False
0,0.000000,sidick,jrtobi,False
0,0.000000,sidick,jrtobi,False
0,0.000000,sidick,jrtobi,False
0,0.000000,sidick,jrtobi,False
0,0.000000,sidick,jrtobi,False
0,0.000000,sidick,jrtobi,False
0,0.000000,sidick,jrtobi,False
0,0.000000,sidick,jrtobi,False
0,0.000000,sidick,jrtobi,False
0,0.000000,sidick,jrtobi,False
0,0.000000,sidick,jrtobi,False
0,0.000000,sidick,jrtobi,False
0,0.000000,sidick,jrtobi,False
0,0.000000,sidick,jrtobi,False
0,0.000000,sidick,jrtobi,False
0,0.000000,sidick,jrtobi,False
0,0.000000,sidick,jrtobi,False
0,0.000000,sidick,jrtobi,False
0,0.000000,sjbeck,rrowle,False
0,0.000000,sjbeck,rrowle,False
0,0.000000,sjbeck,rrowle,False
0,0.000000,sjbeck,rrowle,False
0,0.000000,sjbeck,rrowle,False
0,0.000000,sjbeck,9338462,False
0,0.000000,sjbeck,9338462,False
0,0.000000,sjbeck,rrowle,False
0,0.000000,sjbeck,rrowle,False
0,0.000000,sjbeck,9338462,False
0,0.000000,sjbeck,cshubb,False
0,0.000000,sjbeck,rrowle,False
0,0.000000,sjbeck,rrowle,False
0,0.000000,sjbeck,rrowle,False
0,0.000000,sjbeck,rrowle,False
0,0.000000,sjbeck,rrowle,False
0,0.000000,sjbeck,rrowle,False
0,0.000000,sjbeck,rrowle,False
0,0.000000,sjbeck,rrowle,False
0,0.000000,skumar,phughe,False
0,0.000000,skumar,phughe,False
0,0.000000,skumar,phughe,False
0,0.000000,skumar,phughe,False
0,0.000000,skumar,phughe,False
0,0.000000,skumar,sandm,False
0,0.000000,skumar,phughe,False
0,0.000000,skumar,phughe,False
0,0.000000,skumar,9338527,False
0,0.000000,skumar,phughe,False
0,0.000000,skumar,sandm,False
0,0.000000,skumar,robin,False
0,0.000000,skumar,robin,False
0,0.000000,skumar,sandm,False
0,0.000000,skumar,robin,False
0,0.000000,skumar,phughe,False
0,0.000000,skumar,sandm,False
0,0.000000,skumar,phughe,False
0,0.000000,skumar,phughe,False
0,0.000000,smrobb,cshubb,False
0,0.000000,smrobb,gjnorm,False
0,0.000000,smrobb,gjnorm,False
0,0.000000,smrobb,martin,False
0,0.000000,smrobb,gjnorm,False
0,0.000000,smrobb,ajsega,False
0,0.000000,smrobb,ajsega,False
0,0.000000,smrobb,ajsega,False
0,0.000000,smrobb,ajsega,False
0,0.000000,smrobb,ajsega,False
0,0.000000,smrobb,ajsega,False
0,0.000000,smrobb,ajsega,False
0,0.000000,smrobb,ajsega,False
0,0.000000,smrobb,gjnorm,False
0,0.000000,smrobb,ajsega,False
0,0.000000,smrobb,ajsega,False
0,0.000000,smrobb,ajsega,False
0,0.000000,smrobb,ajsega,False
0,0.000000,smrobb,ajsega,False
0,0.000000,spletc,robin,False
0,0.000000,spletc,robin,False
0,0.000000,spletc,robin,False
0,0.000000,spletc,robin,False
0,0.000000,spletc,robin,False
0,0.000000,spletc,swsmit,False
0,0.000000,spletc,robin,False
0,0.000000,spletc,swsmit,False
0,0.000000,spletc,jrtobi,False
0,0.000000,spletc,robin,False
0,0.000000,spletc,robin,False
0,0.000000,spletc,robin,False
0,0.000000,spletc,klclar,False
0,0.000000,spletc,klclar,False
0,0.000000,spletc,klclar,False
0,0.000000,spletc,klclar,False
0,0.000000,spletc,klclar,False
0,0.000000,spletc,robin,False
0,0.000000,spletc,robin,False
0,0.000000,svkriz,cshubb,False
0,0.000000,svkriz,cshubb,False
0,0.000000,svkriz,cshubb,False
0,0.000000,svkriz,cshubb,False
0,0.000000,svkriz,cshubb,False
0,0.000000,svkriz,cshubb,False
0,0.000000,svkriz,cshubb,False
0,0.000000,svkriz,cshubb,False
0,0.000000,svkriz,cshubb,False
0,0.000000,svkriz,cshubb,False
0,0.000000,svkriz,nrclar,False
0,0.000000,svkriz,cshubb,False
0,0.000000,svkriz,cshubb,False
0,0.000000,svkriz,cshubb,False
0,0.000000,svkriz,cshubb,False
0,0.000000,svkriz,cshubb,False
0,0.000000,svkriz,cshubb,False
0,0.000000,svkriz,cshubb,False
0,0.000000,svkriz,cshubb,False
0,0.000000,swewin,elduns,False
0,0.000000,swewin,gjnorm,False
0,0.000000,swewin,jrtobi,False
0,0.000000,swewin,jrtobi,False
0,0.000000,swewin,jrtobi,False
0,0.000000,swewin,elduns,False
0,0.000000,swewin,elduns,False
0,0.000000,swewin,gjnorm,False
0,0.000000,swewin,jrtobi,False
0,0.000000,swewin,gjnorm,False
0,0.000000,swewin,jrtobi,False
0,0.000000,swewin,jrtobi,False
0,0.000000,swewin,jrtobi,False
0,0.000000,swewin,gjnorm,False
0,0.000000,swewin,gjnorm,False
0,0.000000,swewin,gjnorm,False
0,0.000000,swewin,gjnorm,False
0,0.000000,swewin,jrtobi,False
0,0.000000,swewin,gjnorm,False
1,0.000000,swsmit,swsmit,True
1,0.000000,swsmit,swsmit,True
1,0.000000,swsmit,swsmit,True
1,0.000000,swsmit,swsmit,True
1,0.000000,swsmit,swsmit,True
1,0.000000,swsmit,swsmit,True
1,0.000000,swsmit,swsmit,True
1,0.000000,swsmit,swsmit,True
1,0.000000,swsmit,swsmit,True
1,0.000000,swsmit,swsmit,True
1,0.000000,swsmit,swsmit,True
1,0.000000,swsmit,swsmit,True
1,0.000000,swsmit,swsmit,True
1,0.000000,swsmit,swsmit,True
1,0.000000,swsmit,swsmit,True
1,0.000000,swsmit,swsmit,True
1,0.000000,swsmit,swsmit,True
1,0.000000,swsmit,swsmit,True
1,0.000000,swsmit,swsmit,True
0,0.000000,vpsavo,cshubb,False
0,0.000000,vpsavo,phughe,False
0,0.000000,vpsavo,cshubb,False
0,0.000000,vpsavo,phughe,False
0,0.000000,vpsavo,cshubb,False
0,0.000000,vpsavo,cshubb,False
0,0.000000,vpsavo,phughe,False
0,0.000000,vpsavo,cshubb,False
0,0.000000,vpsavo,cshubb,False
0,0.000000,vpsavo,cshubb,False
0,0.000000,vpsavo,phughe,False
0,0.000000,vpsavo,phughe,False
0,0.000000,vpsavo,phughe,False
0,0.000000,vpsavo,phughe,False
0,0.000000,vpsavo,phughe,False
0,0.000000,vpsavo,cshubb,False
0,0.000000,vpsavo,phughe,False
0,0.000000,vpsavo,phughe,False
0,0.000000,vpsavo,phughe,False
0,0.000000,whussa,sandm,False
0,0.000000,whussa,sandm,False
0,0.000000,whussa,sandm,False
0,0.000000,whussa,sandm,False
0,0.000000,whussa,sandm,False
0,0.000000,whussa,jrtobi,False
0,0.000000,whussa,sandm,False
0,0.000000,whussa,sandm,False
0,0.000000,whussa,sandm,False
0,0.000000,whussa,sandm,False
0,0.000000,whussa,sandm,False
0,0.000000,whussa,sandm,False
0,0.000000,whussa,sandm,False
0,0.000000,whussa,sandm,False
0,0.000000,whussa,sandm,False
0,0.000000,whussa,sandm,False
0,0.000000,whussa,sandm,False
0,0.000000,whussa,sandm,False
0,0.000000,whussa,sandm,False
0,0.000000,wjalbe,nrclar,False
0,0.000000,wjalbe,nrclar,False
0,0.000000,wjalbe,cshubb,False
0,0.000000,wjalbe,nrclar,False
0,0.000000,wjalbe,9338497,False
0,0.000000,wjalbe,cshubb,False
0,0.000000,wjalbe,nrclar,False
0,0.000000,wjalbe,nrclar,False
0,0.000000,wjalbe,nrclar,False
0,0.000000,wjalbe,nrclar,False
0,0.000000,wjalbe,9338497,False
0,0.000000,wjalbe,nrclar,False
0,0.000000,wjalbe,nrclar,False
0,0.000000,wjalbe,nrclar,False
0,0.000000,wjalbe,nrclar,False
0,0.000000,wjalbe,nrclar,False
0,0.000000,wjalbe,nrclar,False
0,0.000000,wjalbe,nrclar,False
0,0.000000,wjalbe,nrclar,False
1,0.000000,anonym,anonym,True
1,0.000000,anonym,anonym,True
1,0.000000,anonym,anonym,True
1,0.000000,anonym,anonym,True
1,0.000000,anonym,anonym,True
1,0.000000,anonym,anonym,True
1,0.000000,anonym,anonym,True
1,0.000000,anonym,anonym,True
1,0.000000,anonym,anonym,True
1,0.000000,anonym,anonym,True
1,0.000000,anonym,anonym,True
1,0.000000,anonym,anonym,True
1,0.000000,anonym,anonym,True
1,0.000000,anonym,anonym,True
1,0.000000,anonym,anonym,True
1,0.000000,anonym,anonym,True
1,0.000000,anonym,anonym,True
1,0.000000,anonym,anonym,True
1,0.000000,anonym,anonym,True
0,0.000000,anonym1,jrtobi,False
0,0.000000,anonym1,jrtobi,False
0,0.000000,anonym1,jrtobi,False
0,0.000000,anonym1,jrtobi,False
0,0.000000,anonym1,jrtobi,False
0,0.000000,anonym1,jrtobi,False
0,0.000000,anonym1,jrtobi,False
0,0.000000,anonym1,jrtobi,False
0,0.000000,anonym1,jrtobi,False
0,0.000000,anonym1,jrtobi,False
0,0.000000,anonym1,jrtobi,False
0,0.000000,anonym1,jrtobi,False
0,0.000000,anonym1,jrtobi,False
0,0.000000,anonym1,jrtobi,False
0,0.000000,anonym1,jrtobi,False
0,0.000000,anonym1,jrtobi,False
0,0.000000,anonym1,jrtobi,False
0,0.000000,anonym1,jrtobi,False
0,0.000000,anonym1,jrtobi,False
0,0.000000,anonym2,jrtobi,False
0,0.000000,anonym2,anonym,False
0,0.000000,anonym2,jrtobi,False
0,0.000000,anonym2,jrtobi,False
0,0.000000,anonym2,martin,False
0,0.000000,anonym2,9338519,False
0,0.000000,anonym2,martin,False
0,0.000000,anonym2,jrtobi,False
0,0.000000,anonym2,martin,False
0,0.000000,anonym2,jrtobi,False
0,0.000000,anonym2,9338519,False
0,0.000000,anonym2,jrtobi,False
0,0.000000,anonym2,9338519,False
0,0.000000,anonym2,9338519,False
0,0.000000,anonym2,9338519,False
0,0.000000,anonym2,jrtobi,False
0,0.000000,anonym2,jrtobi,False
0,0.000000,anonym2,jrtobi,False
0,0.000000,anonym2,jrtobi,False
0,0.000000,cwang,anpage,False
0,0.000000,cwang,anpage,False
0,0.000000,cwang,phughe,False
0,0.000000,cwang,anpage,False
0,0.000000,cwang,anpage,False
0,0.000000,cwang,anpage,False
0,0.000000,cwang,anpage,False
0,0.000000,cwang,anpage,False
0,0.000000,cwang,anpage,False
0,0.000000,cwang,anpage,False
0,0.000000,cwang,anpage,False
0,0.000000,cwang,anpage,False
0,0.000000,cwang,anpage,False
0,0.000000,cwang,anpage,False
0,0.000000,cwang,anpage,False
0,0.000000,cwang,anpage,False
0,0.000000,cwang,anpage,False
0,0.000000,cwang,anpage,False
0,0.000000,cwang,anpage,False
0,0.000000,doraj,9338527,False
0,0.000000,doraj,9338527,False
0,0.000000,doraj,9338527,False
0,0.000000,doraj,rrowle,False
0,0.000000,doraj,9338527,False
0,0.000000,doraj,9338527,False
0,0.000000,doraj,9338527,False
0,0.000000,doraj,9338527,False
0,0.000000,doraj,9338527,False
0,0.000000,doraj,9338527,False
0,0.000000,doraj,9338527,False
0,0.000000,doraj,ajsega,False
0,0.000000,doraj,9338527,False
0,0.000000,doraj,9338527,False
0,0.000000,doraj,9338527,False
0,0.000000,doraj,9338527,False
0,0.000000,doraj,9338527,False
0,0.000000,doraj,9338527,False
0,0.000000,doraj,9338527,False
0,0.000000,fordj,anonym,False
0,0.000000,fordj,jrtobi,False
0,0.000000,fordj,rrowle,False
0,0.000000,fordj,anonym,False
0,0.000000,fordj,robin,False
0,0.000000,fordj,gjnorm,False
0,0.000000,fordj,anonym,False
0,0.000000,fordj,anonym,False
0,0.000000,fordj,anonym,False
0,0.000000,fordj,anonym,False
0,0.000000,fordj,anonym,False
0,0.000000,fordj,anonym,False
0,0.000000,fordj,robin,False
0,0.000000,fordj,anonym,False
0,0.000000,fordj,anonym,False
0,0.000000,fordj,robin,False
0,0.000000,fordj,robin,False
0,0.000000,fordj,anonym,False
0,0.000000,fordj,anonym,False
0,0.000000,hartb,sandm,False
0,0.000000,hartb,sandm,False
0,0.000000,hartb,sandm,False
0,0.000000,hartb,sandm,False
0,0.000000,hartb,sandm,False
0,0.000000,hartb,sandm,False
0,0.000000,hartb,sandm,False
0,0.000000,hartb,sandm,False
0,0.000000,hartb,sandm,False
0,0.000000,hartb,sandm,False
0,0.000000,hartb,sandm,False
0,0.000000,hartb,sandm,False
0,0.000000,hartb,sandm,False
0,0.000000,hartb,sandm,False
0,0.000000,hartb,sandm,False
0,0.000000,hartb,sandm,False
0,0.000000,hartb,sandm,False
0,0.000000,hartb,sandm,False
0,0.000000,hartb,sandm,False
0,0.000000,hensm,klclar,False
0,0.000000,hensm,klclar,False
0,0.000000,hensm,klclar,False
0,0.000000,hensm,klclar,False
0,0.000000,hensm,klclar,False
0,0.000000,hensm,jrtobi,False
0,0.000000,hensm,jrtobi,False
0,0.000000,hensm,jrtobi,False
0,0.000000,hensm,jrtobi,False
0,0.000000,hensm,jrtobi,False
0,0.000000,hensm,jrtobi,False
0,0.000000,hensm,klclar,False
0,0.000000,hensm,klclar,False
0,0.000000,hensm,klclar,False
0,0.000000,hensm,jrtobi,False
0,0.000000,hensm,9338462,False
0,0.000000,hensm,9338462,False
0,0.000000,hensm,9338462,False
0,0.000000,hensm,9338462,False
0,0.000000,ieorf,rrowle,False
0,0.000000,ieorf,rrowle,False
0,0.000000,ieorf,rrowle,False
0,0.000000,ieorf,rrowle,False
0,0.000000,ieorf,rrowle,False
0,0.000000,ieorf,rrowle,False
0,0.000000,ieorf,rrowle,False
0,0.000000,ieorf,rrowle,False
0,0.000000,ieorf,rrowle,False
0,0.000000,ieorf,rrowle,False
0,0.000000,ieorf,rrowle,False
0,0.000000,ieorf,rrowle,False
0,0.000000,ieorf,rrowle,False
0,0.000000,ieorf,rrowle,False
0,0.000000,ieorf,rrowle,False
0,0.000000,ieorf,rrowle,False
0,0.000000,ieorf,rrowle,False
0,0.000000,ieorf,rrowle,False
0,0.000000,ieorf,rrowle,False
0,0.000000,lyond,9338519,False
0,0.000000,lyond,9338519,False
0,0.000000,lyond,9338519,False
0,0.000000,lyond,9338519,False
0,0.000000,lyond,9338519,False
0,0.000000,lyond,9338519,False
0,0.000000,lyond,9338519,False
0,0.000000,lyond,9338519,False
0,0.000000,lyond,9338519,False
0,0.000000,lyond,9338519,False
0,0.000000,lyond,9338519,False
0,0.000000,lyond,9338519,False
0,0.000000,lyond,9338519,False
0,0.000000,lyond,9338519,False
0,0.000000,lyond,9338519,False
0,0.000000,lyond,9338519,False
0,0.000000,lyond,9338519,False
0,0.000000,lyond,9338519,False
0,0.000000,lyond,9338519,False
0,0.000000,macci,martin,False
0,0.000000,macci,martin,False
0,0.000000,macci,sandm,False
0,0.000000,macci,martin,False
0,0.000000,macci,jlemon,False
0,0.000000,macci,cgboyc,False
0,0.000000,macci,martin,False
0,0.000000,macci,martin,False
0,0.000000,macci,martin,False
0,0.000000,macci,martin,False
0,0.000000,macci,martin,False
0,0.000000,macci,martin,False
0,0.000000,macci,9338462,False
0,0.000000,macci,rrowle,False
0,0.000000,macci,martin,False
0,0.000000,macci,martin,False
0,0.000000,macci,martin,False
0,0.000000,macci,martin,False
0,0.000000,macci,martin,False
1,0.000000,martin,martin,True
1,0.000000,martin,martin,True
1,0.000000,martin,martin,True
1,0.000000,martin,martin,True
1,0.000000,martin,martin,True
1,0.000000,martin,martin,True
1,0.000000,martin,martin,True
1,0.000000,martin,martin,True
1,0.000000,martin,martin,True
1,0.000000,martin,martin,True
1,0.000000,martin,martin,True
1,0.000000,martin,martin,True
1,0.000000,martin,martin,True
1,0.000000,martin,martin,True
1,0.000000,martin,martin,True
1,0.000000,martin,martin,True
1,0.000000,martin,martin,True
1,0.000000,martin,martin,True
1,0.000000,martin,martin,True
0,0.000000,michael,robin,False
0,0.000000,michael,robin,False
0,0.000000,michael,robin,False
0,0.000000,michael,robin,False
0,0.000000,michael,robin,False
0,0.000000,michael,robin,False
0,0.000000,michael,robin,False
0,0.000000,michael,robin,False
0,0.000000,michael,robin,False
0,0.000000,michael,robin,False
0,0.000000,michael,robin,False
0,0.000000,michael,robin,False
0,0.000000,michael,robin,False
0,0.000000,michael,robin,False
0,0.000000,michael,robin,False
0,0.000000,michael,robin,False
0,0.000000,michael,robin,False
0,0.000000,michael,robin,False
0,0.000000,michael,robin,False
0,0.000000,moors,rrowle,False
0,0.000000,moors,rrowle,False
0,0.000000,moors,rrowle,False
0,0.000000,moors,rrowle,False
0,0.000000,moors,rrowle,False
0,0.000000,moors,rrowle,False
0,0.000000,moors,rrowle,False
0,0.000000,moors,rrowle,False
0,0.000000,moors,rrowle,False
0,0.000000,moors,rrowle,False
0,0.000000,moors,rrowle,False
0,0.000000,moors,rrowle,False
0,0.000000,moors,rrowle,False
0,0.000000,moors,rrowle,False
0,0.000000,moors,rrowle,False
0,0.000000,moors,rrowle,False
0,0.000000,moors,rrowle,False
0,0.000000,moors,rrowle,False
0,0.000000,moors,rrowle,False
0,0.000000,obeidn,sandm,False
0,0.000000,obeidn,9338519,False
0,0.000000,obeidn,sandm,False
0,0.000000,obeidn,9338519,False
0,0.000000,obeidn,sandm,False
0,0.000000,obeidn,9338519,False
0,0.000000,obeidn,9338519,False
0,0.000000,obeidn,sandm,False
0,0.000000,obeidn,9338519,False
0,0.000000,obeidn,9338519,False
0,0.000000,obeidn,sandm,False
0,0.000000,obeidn,sandm,False
0,0.000000,obeidn,9338519,False
0,0.000000,obeidn,9338519,False
0,0.000000,obeidn,9338519,False
0,0.000000,obeidn,sandm,False
0,0.000000,obeidn,9338519,False
0,0.000000,obeidn,9338519,False
0,0.000000,obeidn,9338519,False
1,0.000000,robin,robin,True
1,0.000000,robin,robin,True
1,0.000000,robin,robin,True
1,0.000000,robin,robin,True
1,0.000000,robin,robin,True
1,0.000000,robin,robin,True
1,0.000000,robin,robin,True
1,0.000000,robin,robin,True
1,0.000000,robin,robin,True
1,0.000000,robin,robin,True
1,0.000000,robin,robin,True
1,0.000000,robin,robin,True
1,0.000000,robin,robin,True
1,0.000000,robin,robin,True
1,0.000000,robin,robin,True
1,0.000000,robin,robin,True
1,0.000000,robin,robin,True
1,0.000000,robin,robin,True
1,0.000000,robin,robin,True
1,0.000000,sandm,sandm,True
1,0.000000,sandm,sandm,True
1,0.000000,sandm,sandm,True
1,0.000000,sandm,sandm,True
1,0.000000,sandm,sandm,True
1,0.000000,sandm,sandm,True
1,0.000000,sandm,sandm,True
1,0.000000,sandm,sandm,True
1,0.000000,sandm,sandm,True
1,0.000000,sandm,sandm,True
1,0.000000,sandm,sandm,True
1,0.000000,sandm,sandm,True
1,0.000000,sandm,sandm,True
1,0.000000,sandm,sandm,True
1,0.000000,sandm,sandm,True
1,0.000000,sandm,sandm,True
1,0.000000,sandm,sandm,True
1,0.000000,sandm,sandm,True
1,0.000000,sandm,sandm,True
0,0.000000,spacl,9338519,False
0,0.000000,spacl,martin,False
0,0.000000,spacl,martin,False
0,0.000000,spacl,unknown,False
0,0.000000,spacl,unknown,False
0,0.000000,spacl,martin,False
0,0.000000,spacl,unknown,False
0,0.000000,spacl,martin,False
0,0.000000,spacl,9338519,False
0,0.000000,spacl,9338519,False
0,0.000000,spacl,9338519,False
0,0.000000,spacl,unknown,False
0,0.000000,spacl,unknown,False
0,0.000000,spacl,unknown,False
0,0.000000,spacl,unknown,False
0,0.000000,spacl,martin,False
0,0.000000,spacl,martin,False
0,0.000000,spacl,martin,False
0,0.000000,spacl,martin,False
0,0.000000,tony,martin,False
0,0.000000,tony,martin,False
0,0.000000,tony,martin,False
0,0.000000,tony,martin,False
0,0.000000,tony,martin,False
0,0.000000,tony,martin,False
0,0.000000,tony,9338519,False
0,0.000000,tony,9338519,False
0,0.000000,tony,martin,False
0,0.000000,tony,9338519,False
0,0.000000,tony,9338519,False
0,0.000000,tony,9338519,False
0,0.000000,tony,martin,False
0,0.000000,tony,martin,False
0,0.000000,tony,martin,False
0,0.000000,tony,martin,False
0,0.000000,tony,martin,False
0,0.000000,tony,9338519,False
0,0.000000,tony,martin,False
0,0.000000,voudcx,9338519,False
0,0.000000,voudcx,rrowle,False
0,0.000000,voudcx,rrowle,False
0,0.000000,voudcx,rrowle,False
0,0.000000,voudcx,9338519,False
0,0.000000,voudcx,9338519,False
0,0.000000,voudcx,rrowle,False
0,0.000000,voudcx,rrowle,False
0,0.000000,voudcx,anonym,False
0,0.000000,voudcx,rrowle,False
0,0.000000,voudcx,rrowle,False
0,0.000000,voudcx,rrowle,False
0,0.000000,voudcx,rrowle,False
0,0.000000,voudcx,rrowle,False
0,0.000000,voudcx,rrowle,False
0,0.000000,voudcx,rrowle,False
0,0.000000,voudcx,rrowle,False
0,0.000000,voudcx,rrowle,False
0,0.000000,voudcx,rrowle,False
